Compound ID,ESOL predicted log solubility in mols per litre,Minimum Degree,Molecular Weight,Number of H-Bond Donors,Number of Rings,Number of Rotatable Bonds,Polar Surface Area,label,smiles
Amigdalin,-0.974,1,457.432,7,3,7,202.32,-0.77,OCC3OC(OCC2OC(OC(C#N)c1ccccc1)C(O)C(O)C2O)C(O)C(O)C3O 
Fenfuram,-2.885,1,201.225,1,2,2,42.24,-3.3,Cc1occc1C(=O)Nc2ccccc2
citral,-2.579,1,152.237,0,0,4,17.07,-2.06,CC(C)=CCCC(C)=CC(=O)
Picene,-6.618,2,278.354,0,5,0,0,-7.87,c1ccc2c(c1)ccc3c2ccc4c5ccccc5ccc43
Thiophene,-2.232,2,84.143,0,1,0,0,-1.33,c1ccsc1
benzothiazole,-2.733,2,135.191,0,2,0,12.89,-1.5,c2ccc1scnc1c2 
"2,2,4,6,6'-PCB",-6.545,1,326.437,0,2,1,0,-7.32,Clc1cc(Cl)c(c(Cl)c1)c2c(Cl)cccc2Cl
Estradiol,-4.138,1,272.388,2,4,0,40.46,-5.03,CC12CCC3C(CCc4cc(O)ccc34)C2CCC1O
Rotenone,-5.246,1,394.423,0,5,3,63.22,-4.42,COc5cc4OCC3Oc2c1CC(Oc1ccc2C(=O)C3c4cc5OC)C(C)=C 
2-pyrrolidone,0.243,1,85.106,1,1,0,29.1,1.07,O=C1CCCN1
2-Chloronapthalene,-4.063,1,162.619,0,2,0,0,-4.14,Clc1ccc2ccccc2c1
1-Pentene ,-2.01,1,70.135,0,0,2,0,-2.68,CCCC=C
Primidone,-1.897,1,218.256,2,2,2,58.2,-2.64,CCC1(C(=O)NCNC1=O)c2ccccc2
Tetradecane,-5.45,1,198.394,0,0,11,0,-7.96,CCCCCCCCCCCCCC
2-Chloropropane,-1.585,1,78.542,0,0,0,0,-1.41,CC(C)Cl
2-Methylbutanol,-1.027,1,88.15,1,0,2,20.23,-0.47,CCC(C)CO
Diazinon,-3.989,1,304.352,0,1,7,53.47,-3.64,CCOP(=S)(OCC)Oc1cc(C)nc(n1)C(C)C
2-Undecanol,-3.096,1,172.312,1,0,8,20.23,-2.94,CCCCCCCCCC(C)O
"2,2',3,4,6-PCB",-6.627,1,326.437,0,2,1,0,-7.43,Clc1ccc(c(Cl)c1)c2c(Cl)ccc(Cl)c2Cl 
Lenacil,-3.355,1,234.299,1,3,1,54.86,-4.594,O=c2[nH]c1CCCc1c(=O)n2C3CCCCC3
Phorate,-3.747,1,260.386,0,0,8,18.46,-4.11,CCOP(=S)(OCC)SCSCC
Phenacetin,-2.342,1,179.219,1,1,3,38.33,-2.35,CCOc1ccc(NC(=O)C)cc1
Dinitramine,-4.479,1,322.243,1,1,5,115.54,-5.47,CCN(CC)c1c(cc(c(N)c1N(=O)=O)C(F)(F)F)N(=O)=O
1-Heptanol,-1.751,1,116.204,1,0,5,20.23,-1.81,CCCCCCCO
Theophylline,-1.452,1,180.167,1,2,0,72.68,-1.39,Cn1c(=O)n(C)c2nc[nH]c2c1=O
"P,P'-DDE",-6.553,1,318.03,0,2,2,0,-6.9,ClC(Cl)=C(c1ccc(Cl)cc1)c2ccc(Cl)cc2
Methyl octanoate,-2.608,1,158.241,0,0,6,26.3,-3.17,CCCCCCCC(=O)OC
"1,4-Diethylbenzene ",-3.633,1,134.222,0,1,2,0,-3.75,CCc1ccc(CC)cc1
Terbufos,-4.367,1,288.44,0,0,7,18.46,-4.755,CCOP(=S)(OCC)SCSC(C)(C)C
Phenmedipham,-4.229,1,300.314,2,2,3,76.66,-4.805,COC(=O)Nc1cccc(OC(=O)Nc2cccc(C)c2)c1
"1,1-Dichloroethylene",-1.939,1,96.944,0,0,0,0,-1.64,ClC(=C)Cl
1-Methylfluorene,-4.478,1,180.25,0,3,0,0,-5.22,Cc1cccc2c1Cc3ccccc32
Diphenylamine,-3.857,2,169.227,1,2,2,12.03,-3.504,N(c1ccccc1)c2ccccc2
Fenothiocarb,-3.297,1,253.367,0,1,6,29.54,-3.927,CN(C)C(=O)SCCCCOc1ccccc1
Piperophos,-4.637,1,353.49,0,1,9,38.77,-4.15,CCCOP(=S)(OCCC)SCC(=O)N1CCCCC1C
1-Iodoheptane,-3.904,1,226.101,0,0,5,0,-4.81,CCCCCCCI
3-Chlorobiphenyl,-4.685,1,188.657,0,2,1,0,-4.88,c1c(Cl)cccc1c2ccccc2
Cyclobutyl-5-spirobarbituric acid,-0.527,1,168.152,2,2,0,75.27,-1.655,O=C2NC(=O)C1(CCC1)C(=O)N2
menthol,-2.782,1,156.269,1,1,1,20.23,-2.53,CC(C)C1CCC(C)CC1O 
Isopropyl formate,-0.684,1,88.106,0,0,2,26.3,-0.63,CC(C)OC=O
2-Heptanol ,-1.678,1,116.204,1,0,4,20.23,-1.55,CCCCCC(C)O
p-Bromoacetanilide,-3.012,1,214.062,1,1,1,29.1,-3.083,CC(=O)Nc1ccc(Br)cc1
nifedipine,-4.248,1,346.339,1,2,4,107.77,-4.76,COC(=O)C1=C(C)NC(=C(C1c2ccccc2N(=O)=O)C(=O)OC)C 
"2,7-dimethylquinoline",-3.342,1,157.216,0,2,0,12.89,-1.94,c2c(C)cc1nc(C)ccc1c2 
1-Octyne ,-2.509,1,110.2,0,0,4,0,-3.66,CCCCCCC#C
Chrysene,-5.568,2,228.294,0,4,0,0,-8.057,c1ccc2c(c1)ccc3c4ccccc4ccc23
Bromacil,-3.419,1,261.119,1,1,2,54.86,-2.523,CCC(C)n1c(=O)[nH]c(C)c(Br)c1=O 
"2,2',3,3',5,6-PCB",-7.185,1,360.882,0,2,1,0,-8.6,Clc1cccc(c1Cl)c2c(Cl)c(Cl)cc(Cl)c2Cl 
2-Methylphenol,-2.281,1,108.14,1,1,0,20.23,-0.62,Cc1ccccc1O
"2,2,5-Trimethylhexane",-3.631,1,128.259,0,0,2,0,-5.05,CC(C)CCC(C)(C)C
6-Methylchrysene,-5.931,1,242.321,0,4,0,0,-6.57,Cc1cc2c3ccccc3ccc2c4ccccc14
2-Pentanone,-0.846,1,86.134,0,0,2,17.07,-0.19,CCCC(=O)C
"2,2',3,3',5,5',6,6'-PCB",-8.304,1,429.772,0,2,1,0,-9.15,Clc1cc(Cl)c(Cl)c(c1Cl)c2c(Cl)c(Cl)cc(Cl)c2Cl 
Methyl butyrate,-1.545,1,116.16,0,0,3,26.3,-0.82,CCCOC(=O)CC
Triamcinolone,-2.734,1,394.439,4,4,2,115.06,-3.68,CC34CC(O)C1(F)C(CCC2=CC(=O)C=CC12C)C3CC(O)C4(O)C(=O)CO
Benznidazole,-2.321,1,260.253,1,2,5,90.06,-2.81,O=C(Cn1ccnc1N(=O)=O)NCc2ccccc2
Trietazine,-3.233,1,229.715,1,1,5,53.94,-4.06,CCNc1nc(Cl)nc(n1)N(CC)CC
Pyrazinamide,-0.674,1,123.115,1,1,1,68.87,-0.667,NC(=O)c1cnccn1
Carbromal,-2.198,1,237.097,2,0,3,72.19,-2.68,CCC(Br)(CC)C(=O)NC(N)=O
"2,2'-PCB",-4.984,1,223.102,0,2,1,0,-5.27,Clc1ccccc1c2ccccc2Cl 
Nitrofen,-5.361,1,284.098,0,2,3,52.37,-5.46,Clc2ccc(Oc1ccc(cc1)N(=O)=O)c(Cl)c2
5-Allyl-5-phenylbarbital,-2.36,1,244.25,2,2,3,75.27,-2.369,O=C1NC(=O)NC(=O)C1(CC=C)c1ccccc1
Pentyl propanoate,-1.899,1,130.187,0,0,4,26.3,-2.25,CCCCC(=O)OCC
3-Hexanoyloxymethylphenyltoin,-4.153,1,380.444,1,3,8,75.71,-5.886,O=C1N(COC(=O)CCCCC)C(=O)C(N1)(c2ccccc2)c3ccccc3
"2,3',5-PCB",-5.762,1,257.547,0,2,1,0,-6.01,Clc1cccc(c1)c2cc(Cl)ccc2Cl 
1-Bromopropane,-1.949,1,122.993,0,0,1,0,-1.73,CCCBr
Propiconazole,-4.603,1,342.226,0,3,5,49.17,-3.493,CCCC1COC(Cn2cncn2)(O1)c3ccc(Cl)cc3Cl
4-methylpteridine,-1.24,1,146.153,0,2,0,51.56,-0.466,Cc1ncnc2nccnc12
Thiourea,0.329,1,76.124,2,0,0,52.04,0.32,NC(=S)N
p-Xylene ,-3.035,1,106.168,0,1,0,0,-2.77,Cc1ccc(C)cc1
"1,2-Diethylbenzene",-3.601,1,134.222,0,1,2,0,-3.28,CCc1ccccc1CC
Hexachloroethane,-4.215,1,236.74,0,0,0,0,-3.67,ClC(Cl)(Cl)C(Cl)(Cl)Cl
Flucythrinate,-6.878,1,451.469,0,3,9,68.55,-6.876,CC(C)C(C(=O)OC(C#N)c1cccc(Oc2ccccc2)c1)c3ccc(OC(F)F)cc3
1-Nitropropane,-0.816,1,89.094,0,0,2,43.14,-0.8,CCCN(=O)=O
RTI 24,-4.423,1,273.723,1,3,1,45.23,-5.36,CCN2c1cc(Cl)ccc1NC(=O)c3cccnc23 
"2,3-Dichloronitrobenzene",-3.322,1,192.001,0,1,1,43.14,-3.48,O=N(=O)c1c(Cl)c(Cl)ccc1
thiamylal,-3.063,1,254.355,2,1,5,58.2,-3.46,CCCC(C)C1(CC=C)C(=O)NC(=S)NC1=O 
Fluoranthene,-4.957,2,202.256,0,4,0,0,-6,c1ccc2c(c1)c3cccc4cccc2c34
Propylisopropylether,-1.354,1,102.177,0,0,3,9.23,-1.34,CCCOC(C)C
"1,3-Dimethylnaphthalene",-4.147,1,156.228,0,2,0,0,-4.29,Cc1cc(C)c2ccccc2c1
diethylstilbestrol,-5.074,1,268.356,2,2,4,40.46,-4.07,CCC(=C(CC)c1ccc(O)cc1)c2ccc(O)cc2 
Chlorothalonil,-3.995,1,265.914,0,1,0,47.58,-5.64,c1(C#N)c(Cl)c(C#N)c(Cl)c(Cl)c(Cl)1
styrene oxide,-1.826,2,120.151,0,2,1,12.53,-1.6,C1OC1c2ccccc2 
Deoxycorticosterone,-3.939,1,330.468,1,4,2,54.37,-3.45,CC12CCC3C(CCC4=CC(=O)CCC34C)C2CCC1C(=O)CO
L-arabinose,0.601,1,150.13,4,1,0,90.15,0.39,C1OC(O)C(O)C(O)C1O
Dichloromethane,-1.156,1,84.933,0,0,0,0,-0.63,ClCCl
1-Ethylnaphthalene ,-4.1,1,156.228,0,2,1,0,-4.17,CCc1cccc2ccccc12
Methyl formate,-0.048,1,60.052,0,0,1,26.3,0.58,COC=O
o-Nitrophenol,-2.318,1,139.11,1,1,1,63.37,-1.74,Oc1ccccc1N(=O)=O
thymine,-0.78,1,126.115,2,1,0,65.72,-1.506,Cc1c[nH]c(=O)[nH]c1=O 
2-Methylpropane,-1.891,1,58.124,0,0,0,0,-2.55,CC(C)C
Inosine,-0.834,1,268.229,4,3,2,133.75,-1.23,OCC1OC(C(O)C1O)n2cnc3c(O)ncnc23
Niclosamide,-5.032,1,327.123,2,2,3,92.47,-4.7,Oc1ccc(Cl)cc1C(=O)Nc2ccc(cc2Cl)N(=O)=O
Pentane,-2.261,1,72.151,0,0,2,0,-3.18,CCCCC
Phenol,-1.991,1,94.113,1,1,0,20.23,0,c1ccccc1O
2-aminoanthracene,-3.789,1,193.249,1,3,0,26.02,-5.17,Nc3ccc2cc1ccccc1cc2c3 
Isoquinoline,-2.531,2,129.162,0,2,0,12.89,-1.45,c1ccc2cnccc2c1
Anilofos,-5.106,1,367.86,0,1,7,38.77,-4.432,COP(=S)(OC)SCC(=O)N(C(C)C)c1ccc(Cl)cc1
Hexylbenzene ,-4.22,1,162.276,0,1,5,0,-5.21,CCCCCCc1ccccc1
2-Chlorobiphenyl,-4.528,1,188.657,0,2,1,0,-4.54,Clc1ccccc1c2ccccc2
2-Methyl-1-Pentene,-2.348,1,84.162,0,0,2,0,-3.03,CCCC(=C)C
"2,3,4-Trimethylpentane",-3.276,1,114.232,0,0,2,0,-4.8,CC(C)C(C)C(C)C
Pentachlorobenzene,-5.168,1,250.339,0,1,0,0,-5.65,Clc1cc(Cl)c(Cl)c(Cl)c1Cl
m-Nitrophenol,-2.318,1,139.11,1,1,1,63.37,-1.01,Oc1cccc(c1)N(=O)=O
1-Decene,-3.781,1,140.27,0,0,7,0,-5.51,CCCCCCCCC=C
Cyfluthrin,-6.84,1,434.294,0,3,6,59.32,-7.337,CC1(C)C(C=C(Cl)Cl)C1C(=O)OC(C#N)c2ccc(F)c(Oc3ccccc3)c2
Pyridine,-1.481,2,79.102,0,1,0,12.89,0.76,c1ccncc1
1-Bromoheptane,-3.366,1,179.101,0,0,5,0,-4.43,CCCCCCCBr
Fludrocortisone,-3.172,1,380.456,3,4,2,94.83,-3.43,CC34CC(O)C1(F)C(CCC2=CC(=O)CCC12C)C3CCC4(O)C(=O)CO 
ethiofencarb,-2.855,1,225.313,1,1,4,38.33,-2.09,CCSCc1ccccc1OC(=O)NC 
d-Limonene,-3.429,1,136.238,0,1,1,0,-4.26,CC1=CCC(CC1)C(C)=C
Indan,-3.057,2,118.179,0,2,0,0,-3.04,C1Cc2ccccc2C1
Cyclopropyl-5-spirobarbituric acid,-0.088,1,154.125,2,2,0,75.27,-1.886,O=C2NC(=O)C1(CC1)C(=O)N2 
m-Chloroiodobenzene,-4.384,1,238.455,0,1,0,0,-3.55,Clc1cccc(I)c1
1-Bromonapthalene,-4.434,1,207.07,0,2,0,0,-4.35,Brc1cccc2ccccc12
trans-2-Pentene ,-2.076,1,70.135,0,0,1,0,-2.54,CC/C=C/C
"2,6-Dimethylpyridine",-2.098,1,107.156,0,1,0,12.89,0.45,Cc1cccc(C)n1
Trichloroethylene,-2.312,1,131.389,0,0,0,0,-1.96,ClC=C(Cl)Cl
1-Napthylamine,-2.721,1,143.189,1,2,0,26.02,-1.92,Nc1cccc2ccccc12
2-hydroxypteridine,-1.404,1,148.125,1,2,0,71.79,-1.947,Oc2ncc1nccnc1n2
Methanol,0.441,1,32.042,1,0,0,20.23,1.57,CO
Amobarbital,-2.312,1,226.276,2,1,4,75.27,-2.468,CCC1(CCC(C)C)C(=O)NC(=O)NC1=O
2-Butanone,-0.491,1,72.107,0,0,1,17.07,0.52,CCC(=O)C
5-fluorouracil,-0.792,1,130.078,2,1,0,65.72,-1.077,Fc1c[nH]c(=O)[nH]c1=O 
tubercidin,-0.892,1,266.257,4,3,2,126.65,-1.95,Nc1ncnc2n(ccc12)C3OC(CO)C(O)C3O 
"1,3-Benzenediol",-1.59,1,110.112,2,1,0,40.46,0.81,Oc1cccc(O)c1
1-Hexanol,-1.397,1,102.177,1,0,4,20.23,-1.24,CCCCCCO
1-Chloropentane,-2.294,1,106.596,0,0,3,0,-2.73,CCCCCCl
"1,3-Butadiene",-1.376,1,54.092,0,0,1,0,-1.87,C=CC=C
"5,6,7,8-tetrahydro-2-naphthol",-3.086,1,148.205,1,2,0,20.23,-1.99,Oc2ccc1CCCCc1c2 
chloroacetamide,-0.106,1,93.513,1,0,1,43.09,-0.02,NC(=O)CCl 
Iodofenphos,-6.148,1,413,0,1,4,27.69,-6.62,COP(=S)(OC)Oc1cc(Cl)c(I)cc1Cl
4-Chlorotoluene,-3.297,1,126.586,0,1,0,0,-3.08,Cc1ccc(Cl)cc1
Tricresyl phosphate,-6.39,1,368.369,0,3,6,44.76,-6.01,Cc1ccc(OP(=O)(Oc2cccc(C)c2)Oc3ccccc3C)cc1
Caproaldehyde,-1.457,1,100.161,0,0,4,17.07,-1.3,CCCCCC=O
Butamben,-3.039,1,193.246,1,1,4,52.32,-3.082,CCCCOC(=O)c1ccc(N)cc1
RTI 3,-3.049,1,255.277,1,3,0,68.45,-3.043,O2c1cc(C)ccc1N(C)C(=O)c3cc(N)cnc23 
Nerol,-2.603,1,154.253,1,0,4,20.23,-2.46,CC(C)=CCC/C(C)=C\CO
3-Octanoyloxymethylphenytoin,-4.84,1,408.498,1,3,10,75.71,-6.523,O=C1N(COC(=O)CCCCCCC)C(=O)C(N1)(c2ccccc2)c3ccccc3
Nitroethane,-0.462,1,75.067,0,0,1,43.14,-0.22,CCN(=O)=O
Ethalfluralin,-5.063,1,333.266,0,1,6,89.52,-6.124,CCN(CC(C)=C)c1c(cc(cc1N(=O)=O)C(F)(F)F)N(=O)=O
"1,2,3,4-Tetrachlorobenzene",-4.546,1,215.894,0,1,0,0,-4.57,Clc1ccc(Cl)c(Cl)c1Cl
Meprobamate,-1.376,1,218.253,2,0,6,104.64,-1.807,CCCC(C)(COC(N)=O)COC(N)=O 
pregnenolone,-4.342,1,316.485,1,4,1,37.3,-4.65,CC(=O)C3CCC4C2CC=C1CC(O)CCC1(C)C2CCC34C 
3-Heptanoyloxymethylphenytoin,-4.496,1,394.471,1,3,9,75.71,-6.301,O=C1N(COC(=O)CCCCCC)C(=O)C(N1)(c2ccccc2)c3ccccc3
isophorone,-2.015,1,138.21,0,1,0,17.07,-1.06,CC1=CC(=O)CC(C)(C)C1 
Butabarbital,-1.958,1,212.249,2,1,3,75.27,-2.39,O=C1NC(=O)NC(=O)C1(CC)C(C)CC
5-Nonanone,-2.329,1,142.242,0,0,6,17.07,-2.58,CCCCC(=O)CCCC
Glutethimide,-2.591,1,217.268,1,2,2,46.17,-2.337,CCC1(CCC(=O)NC1=O)c2ccccc2 
3-Methylpentane,-2.6,1,86.178,0,0,2,0,-3.68,CCC(C)CC
Etofenprox,-6.896,1,376.496,0,3,9,27.69,-8.6,CCOc1ccc(cc1)C(C)(C)COCc3cccc(Oc2ccccc2)c3
Methaqualone,-3.881,1,250.301,0,3,1,34.89,-2.925,Cc1ccccc1n3c(C)nc2ccccc2c3=O
Chloroacetonitrile,-0.448,1,75.498,0,0,0,23.79,-0.092,ClCC#N
Ethisterone,-3.858,1,312.453,1,4,0,37.3,-5.66,CC12CCC(=O)C=C1CCC3C2CCC4(C)C3CCC4(O)C#C 
Pyridazine,-0.619,2,80.09,0,1,0,25.78,1.1,c1ccnnc1
"1,2,3,5-Tetrachlorobenzene",-4.621,1,215.894,0,1,0,0,-4.63,Clc1cc(Cl)c(Cl)c(Cl)c1
Diosgenin,-5.681,1,414.63,1,6,0,38.69,-7.32,C1C(O)CCC2(C)CC3CCC4(C)C5(C)CC6OCC(C)CC6OC5CC4C3C=C21
o-Aminophenol,-1.465,1,109.128,2,1,0,46.25,-0.72,Nc1ccccc1O
Ethyl nonanoate,-3.316,1,186.295,0,0,8,26.3,-3.8,CCCCCCCCC(=O)OCC
metalaxyl,-2.87,1,279.336,0,1,5,55.84,-1.601,COCC(=O)N(C(C)C(=O)OC)c1c(C)cccc1C 
Propoxur,-2.409,1,209.245,1,1,3,47.56,-2.05,CNC(=O)Oc1ccccc1OC(C)C
2-Chlorobutane,-1.94,1,92.569,0,0,1,0,-1.96,CCC(C)Cl
2-Napthol,-3.08,1,144.173,1,2,0,20.23,-2.28,Oc1ccc2ccccc2c1
Oxadiazon,-5.265,1,345.226,0,2,3,57.26,-5.696,CC(C)Oc1cc(c(Cl)cc1Cl)n2nc(oc2=O)C(C)(C)C
1-Hexyne ,-1.801,1,82.146,0,0,2,0,-2.36,CCCCC#C
1-Nonyne ,-2.864,1,124.227,0,0,5,0,-4.24,CCCCCCCC#C
2-Chlorotoluene,-3.297,1,126.586,0,1,0,0,-3.52,Cc1ccccc1Cl
Diisopropyl ether ,-1.281,1,102.177,0,0,2,9.23,-1.1,CC(C)OC(C)C
Dapsone,-2.464,1,248.307,2,2,2,86.18,-3.094,Nc1ccc(cc1)S(=O)(=O)c2ccc(N)cc2
Methyl hydrazine,0.543,1,46.073,2,0,0,38.05,1.34,CNN
Propyne,-0.672,1,40.065,0,0,0,0,-0.41,CC#C
Phoxim,-4.557,1,298.304,0,1,7,63.84,-4.862,CCOP(=S)(OCC)ON=C(C#N)c1ccccc1
Propetamphos,-2.826,1,281.314,1,0,7,56.79,-3.408,CCNP(=S)(OC)OC(=CC(=O)OC(C)C)C
Acrolein,-0.184,1,56.064,0,0,1,17.07,0.57,C=CC=O
Hypoxanthine,-0.656,1,136.114,2,2,0,74.43,-2.296,O=c1[nH]cnc2nc[nH]c12 
6-hydroxyquinoline,-2.725,1,145.161,1,2,0,33.12,-2.16,Oc2ccc1ncccc1c2 
Fluorobenzene,-2.514,1,96.104,0,1,0,0,-1.8,Fc1ccccc1
1-Chloropropane,-1.585,1,78.542,0,0,1,0,-1.47,CCCCl
Ethyl acetate,-0.77,1,88.106,0,0,1,26.3,-0.04,CCOC(=O)C
"2,2-Dimethylpentane",-2.938,1,100.205,0,0,1,0,-4.36,CCCC(C)(C)C
eucalyptol,-2.579,1,154.253,0,3,0,9.23,-1.64,CC12CCC(CC1)C(C)(C)O2 
dibutyl sebacate,-4.726,1,314.466,0,0,15,52.6,-3.896,CCCCOC(=O)CCCCCCCCC(=O)OCCCC
"4,4'-PCB",-5.299,1,223.102,0,2,1,0,-6.56,Clc1ccc(cc1)c2ccc(Cl)cc2 
"2,3-Dimethylpyridine",-2.067,1,107.156,0,1,0,12.89,0.38,Cc1cccnc1C
Carvone,-2.042,1,150.221,0,1,1,17.07,-2.06,CC(=C)C1CC=C(C)C(=O)C1
Carbophenthion,-5.828,1,342.875,0,1,8,18.46,-5.736,CCOP(=S)(OCC)SCSc1ccc(Cl)cc1
"Etoposide (148-167,25mg/ml)",-3.292,1,588.562,3,7,5,160.83,-3.571,COc1cc(cc(OC)c1O)C6C2C(COC2=O)C(OC4OC3COC(C)OC3C(O)C4O)c7cc5OCOc5cc67
Perylene,-6.007,2,252.316,0,5,0,0,-8.804,c1cc2cccc3c4cccc5cccc(c(c1)c23)c54
"2,4-Dinitrotoluene",-2.604,1,182.135,0,1,2,86.28,-2.82,Cc1ccc(cc1N(=O)=O)N(=O)=O
2-bromonaphthalene,-4.434,1,207.07,0,2,0,0,-4.4,c1c(Br)ccc2ccccc12 
Isazofos,-3.76,1,313.747,0,1,7,58.4,-3.658,CCOP(=S)(OCC)Oc1nc(Cl)n(n1)C(C)C
"2-Methyl-1,3-Butadiene ",-1.714,1,68.119,0,0,1,0,-2.03,CC(=C)C=C
linalool,-2.399,1,154.253,1,0,4,20.23,-1.99,CC(C)=CCCC(O)(C)C=C
Fenthion,-4.265,1,278.335,0,1,5,27.69,-4.57,COP(=S)(OC)Oc1ccc(SC)c(C)c1
Cyclohexanol ,-1.261,1,100.161,1,1,0,20.23,-0.44,OC1CCCCC1
5-Allyl-5-methylbarbital,-1.013,1,182.179,2,1,2,75.27,-1.16,O=C1NC(=O)NC(=O)C1(C)CC=C
Epiandrosterone,-3.882,1,290.447,1,4,0,37.3,-4.16,CC34CCC1C(CCC2CC(O)CCC12C)C3CCC4=O
mannitol,0.647,1,182.172,6,0,5,121.38,0.06,OCC(O)C(O)C(O)C(O)CO 
Atrazine,-3.069,1,215.688,2,1,4,62.73,-3.85,CCNc1nc(Cl)nc(NC(C)C)n1
Phenylthiourea,-1.701,1,152.222,2,1,1,38.05,-1.77,NC(=S)Nc1ccccc1
4-Heptanone,-1.62,1,114.188,0,0,4,17.07,-1.3,CCCC(=O)CCC
"3,3-Dimethyl-2-butanone",-1.25,1,100.161,0,0,0,17.07,-0.72,CC(=O)C(C)(C)C
4-Chlorophenol ,-2.761,1,128.558,1,1,0,20.23,-0.7,Oc1ccc(Cl)cc1
Cyclohexanone,-0.996,1,98.145,0,1,0,17.07,-0.6,O=C1CCCCC1
m-Methylaniline,-1.954,1,107.156,1,1,0,26.02,-0.85,Cc1cccc(N)c1
Trichloroacetonitrile,-2.019,1,144.388,0,0,0,23.79,-2.168,ClC(Cl)(Cl)C#N
norflurazon,-4.029,1,303.671,1,2,2,46.92,-4.046,CNc2cnn(c1cccc(c1)C(F)(F)F)c(=O)c2Cl
Ipazine,-3.497,1,243.742,1,1,5,53.94,-3.785,CCN(CC)c1nc(Cl)nc(NC(C)C)n1
Benzocaine,-2.383,1,165.192,1,1,2,52.32,-2.616,CCOC(=O)c1ccc(N)cc1
"1,2,4-Trichlorobenzene",-4.083,1,181.449,0,1,0,0,-3.59,Clc1ccc(Cl)c(Cl)c1
Triazolam,-3.948,1,343.217,0,4,1,43.07,-4.09,Cc3nnc4CN=C(c1ccccc1Cl)c2cc(Cl)ccc2n34
Reverse Transcriptase inhibitor 1,-2.794,1,254.293,0,3,1,49.33,-2.62,CCN2c1ncccc1N(C)C(=O)c3cccnc23 
Dimethyl sulfide,-0.758,1,62.137,0,0,0,0,-0.45,CSC
2-Bromotoluene,-3.667,1,171.037,0,1,0,0,-2.23,Cc1ccccc1Br
O-Ethyl carbamate,-0.218,1,89.094,1,0,1,52.32,0.85,CCOC(=O)N
megestrol acetate,-4.417,1,384.516,0,4,2,60.44,-5.35,CC(=O)OC3(CCC4C2C=C(C)C1=CC(=O)CCC1(C)C2CCC34C)C(C)=O 
"2,4-Dimethyl-3-pentanol",-1.647,1,116.204,1,0,2,20.23,-1.22,CC(C)C(O)C(C)C
Napthalene,-3.468,2,128.174,0,2,0,0,-3.6,c1ccc2ccccc2c1
Phenytoin,-3.057,1,252.273,2,3,2,58.2,-4.097,O=C1NC(=O)C(N1)(c2ccccc2)c3ccccc3
Methoxychlor,-5.538,1,345.653,0,2,4,18.46,-6.89,COc1ccc(cc1)C(c2ccc(OC)cc2)C(Cl)(Cl)Cl
3-Pentanoyloxymethylphenytoin,-3.81,1,366.417,1,3,7,75.71,-4.678,O=C1N(COC(=O)CCCC)C(=O)C(N1)(c2ccccc2)c3ccccc3
Flutriafol,-3.569,1,301.296,1,3,4,50.94,-3.37,OC(Cn1cncn1)(c2ccc(F)cc2)c3ccccc3F
triamcinolone diacetate,-3.876,1,478.513,2,4,4,127.2,-4.13,CC(=O)OCC(=O)C3(O)C(CC4C2CCC1=CC(=O)C=CC1(C)C2(F)C(O)CC34C)OC(C)=O 
1-Bromobutane,-2.303,1,137.02,0,0,2,0,-2.37,CCCCBr
"1,2,4,5-Tetrabromobenzene",-6.001,1,393.698,0,1,0,0,-6.98,Brc1cc(Br)c(Br)cc1Br
4-Methyl-2-pentanone,-1.184,1,100.161,0,0,2,17.07,-0.74,CC(C)CC(=O)C
cycloate,-3.35,1,215.362,0,1,3,20.31,-3.4,CCSC(=O)N(CC)C1CCCCC1 
Deltamethrin,-7.44,1,505.206,0,3,6,59.32,-8.402,CC1(C)C(C=C(Br)Br)C1C(=O)OC(C#N)c2cccc(Oc3ccccc3)c2
Talbutal,-2.06,1,224.26,2,1,4,75.27,-2.016,CCC(C)C1(CC=C)C(=O)NC(=O)NC1=O
Fenitrothion,-3.845,1,277.238,0,1,5,70.83,-4.04,COP(=S)(OC)Oc1ccc(N(=O)=O)c(C)c1
1-Iodonapthalene,-4.889,1,254.07,0,2,0,0,-4.55,Ic1cccc2ccccc12
Sorbitol,0.647,1,182.172,6,0,5,121.38,1.09,OCC(O)C(O)C(O)C(O)CO
Ethanethiol,-0.968,1,62.137,1,0,0,0,-0.6,CCS
"1,1,2-Trichloroethane",-1.961,1,133.405,0,0,1,0,-1.48,ClCC(Cl)Cl
Pyrolan,-3.141,1,245.282,0,2,2,47.36,-2.09,CN(C)C(=O)Oc1cc(C)nn1c2ccccc2
o-Hydroxybenzamide,-1.942,1,137.138,2,1,1,63.32,-1.82,NC(=O)c1ccccc1O
o-Nitrotoluene,-2.589,1,137.138,0,1,1,43.14,-2.33,Cc1ccccc1N(=O)=O
"5,5-Diisopropylbarbital",-1.942,1,212.249,2,1,2,75.27,-2.766,O=C1NC(=O)NC(=O)C1(C(C)C)C(C)C
2-Ethyltoluene,-3.296,1,120.195,0,1,1,0,-3.21,CCc1ccccc1C
1-Chloroheptane,-3.003,1,134.65,0,0,5,0,-4,CCCCCCCCl
Barbital,-1.265,1,184.195,2,1,2,75.27,-2.4,O=C1NC(=O)NC(=O)C1(CC)CC
Bibenzyl ,-4.301,2,182.266,0,2,3,0,-4.62,C(Cc1ccccc1)c2ccccc2
RTI 23,-4.228,1,283.331,1,3,2,54.46,-5.153,CCN2c1cc(OC)cc(C)c1NC(=O)c3cccnc23 
2-Methylphenanthrene,-4.87,1,192.261,0,3,0,0,-5.84,Cc1ccc2c(ccc3ccccc32)c1
dibutylphthalate,-4.378,1,278.348,0,1,8,52.6,-4.4,CCCCOC(=O)c1ccccc1C(=O)OCCCC 
tetrachloroguaiacol,-4.299,1,261.919,1,1,1,29.46,-4.02,COc1c(O)c(Cl)c(Cl)c(Cl)c1Cl 
Equilin,-3.555,1,268.356,1,4,0,37.3,-5.282,CC34CCC1C(=CCc2cc(O)ccc12)C3CCC4=O
Chlorimuron-ethyl (ph 7),-3.719,1,414.827,1,2,8,127.79,-4.576,CCOC(=O)c1ccccc1S(=O)(=O)NN(C=O)c2nc(Cl)cc(OC)n2
p-Nitroanisole,-2.522,1,153.137,0,1,2,52.37,-2.41,COc1ccc(cc1)N(=O)=O
1-Chlorohexane,-2.648,1,120.623,0,0,4,0,-3.12,CCCCCCCl
"2,2',3,3',4,4',5,5'-PCB",-8.468,1,429.772,0,2,1,0,-9.16,Clc1cc(c(Cl)c(Cl)c1Cl)c2cc(Cl)c(Cl)c(Cl)c2Cl
Raffinose,0.496,1,504.438,11,3,8,268.68,-0.41,OCC1OC(CO)(OC2OC(COC3OC(CO)C(O)C(O)C3O)C(O)C(O)C2O)C(O)C1O
RTI 5,-3.471,1,253.305,0,3,1,36.44,-3.324,CCN2c1ccccc1N(C)C(=O)c3cccnc23 
"1,1-Dichloroethane",-1.576,1,98.96,0,0,0,0,-1.29,CC(Cl)Cl
Sulfanilamide,-0.954,1,172.209,2,1,1,86.18,-1.34,Nc1ccc(cc1)S(N)(=O)=O
Isopropalin,-5.306,1,309.366,0,1,8,89.52,-6.49,CCCN(CCC)c1c(cc(cc1N(=O)=O)C(C)C)N(=O)=O
Lindane,-4.009,1,290.832,0,1,0,0,-4.64,ClC1C(Cl)C(Cl)C(Cl)C(Cl)C1Cl
Isofenphos,-4.538,1,345.401,1,1,8,56.79,-4.194,CCOP(=S)(NC(C)C)Oc1ccccc1C(=O)OC(C)C
"1,2,3-Trichlorobenzene",-4.008,1,181.449,0,1,0,0,-4,Clc1cccc(Cl)c1Cl
Tetrachloromethane,-2.607,1,153.823,0,0,0,0,-2.31,ClC(Cl)(Cl)Cl
17a-Methyltestosterone,-4.073,1,302.458,1,4,0,37.3,-3.999,CC1(O)CCC2C3CCC4=CC(=O)CCC4(C)C3CCC21C
Dulcin,-2.167,1,180.207,2,1,3,64.35,-2.17,CCOc1ccc(NC(N)=O)cc1
"trans-1,4-Dimethylcyclohexane",-3.305,1,112.216,0,1,0,0,-4.47,C/C1CCC(\C)CC1
"1,7-phenantroline",-2.994,2,180.21,0,3,0,25.78,-2.68,c1cnc2c(c1)ccc3ncccc23
Methyl t-butyl ether ,-0.984,1,88.15,0,0,0,9.23,-0.24,COC(C)(C)C
Anethole,-3.254,1,148.205,0,1,2,9.23,-3.13,COc1ccc(C=CC)cc1
1-Hexadecanol,-4.94,1,242.447,1,0,14,20.23,-7,CCCCCCCCCCCCCCCCO
uracil,-0.441,1,112.088,2,1,0,65.72,-1.488,O=c1cc[nH]c(=O)[nH]1 
adenine,-1.255,1,135.13,2,2,0,80.48,-2.12,Nc1ncnc2nc[nH]c12 
Ancymidol,-2.181,1,256.305,1,3,4,55.24,-2.596,COc1ccc(cc1)C(O)(C2CC2)c3cncnc3 
phenobarbital,-2.272,1,232.239,2,2,2,75.27,-2.322,CCC1(C(=O)NC(=O)NC1=O)c2ccccc2 
"2',3,4-PCB",-5.686,1,257.547,0,2,1,0,-6.29,Clc1ccc(cc1)c2cccc(Cl)c2Cl 
Isoproturon,-2.867,1,206.289,1,1,2,32.34,-3.536,CC(C)c1ccc(NC(=O)N(C)C)cc1
Azintamide,-2.231,1,259.762,0,1,5,46.09,-1.716,CCN(CC)C(=O)CSc1ccc(Cl)nn1
"2,2-Dimethyl-1-butanol",-1.365,1,102.177,1,0,2,20.23,-1.04,CCC(C)(C)CO
Ethyl pentanoate,-1.899,1,130.187,0,0,4,26.3,-1.75,CCCOC(=O)CCC
"2,4,6-Trinitrotoluene",-2.606,1,227.132,0,1,3,129.42,-3.22,Cc1c(cc(cc1N(=O)=O)N(=O)=O)N(=O)=O
Bensulide,-4.99,1,397.524,1,1,10,64.63,-4.2,CC(C)OP(=S)(OC(C)C)SCCNS(=O)(=O)c1ccccc1
Cycloheptane,-2.916,2,98.189,0,1,0,0,-3.51,C1CCCCCC1
Propyl formate,-0.757,1,88.106,0,0,3,26.3,-0.49,CCCOC=O
2-Isopropyltoluene,-3.585,1,134.222,0,1,1,0,-3.76,CC(C)c1ccccc1C
m-Chloroaniline,-2.392,1,127.574,1,1,0,26.02,-1.37,Nc1cccc(Cl)c1
"2,4-Dimethylpentane",-2.938,1,100.205,0,0,2,0,-4.26,CC(C)CC(C)C
ethofumesate,-3.184,1,286.349,0,2,4,61.83,-3.42,CCOC2Oc1ccc(OS(C)(=O)=O)cc1C2(C)C
Fluometuron,-3.065,1,232.205,1,1,1,32.34,-3.43,CN(C)C(=O)Nc1cccc(c1)C(F)(F)F
glucose,0.501,1,180.156,5,1,1,110.38,0.74,OCC1OC(O)C(O)C(O)C1O
3-Methylphenol,-2.313,1,108.14,1,1,0,20.23,-0.68,Cc1cccc(O)c1
Indapamide,-4.345,1,365.842,2,3,3,92.5,-3.586,CC2Cc1ccccc1N2NC(=O)c3ccc(Cl)c(c3)S(N)(=O)=O 
Lovastatin,-4.731,1,404.547,1,3,6,72.83,-6.005,CCC(C)C(=O)OC2CC(C)C=C3C=CC(C)C(CCC1CC(O)CC(=O)O1)C23 
Reposal,-2.781,1,262.309,2,3,2,75.27,-2.696,CCC1(C(=O)NC(=O)NC1=O)C2=CCC3CCC2C3
Ethyl decanoate,-3.671,1,200.322,0,0,9,26.3,-4.1,CCCCCCCCCC(=O)OCC
Fenuron,-1.847,1,164.208,1,1,1,32.34,-1.6,CN(C)C(=O)Nc1ccccc1
Ethyl propyl ether,-1.072,1,88.15,0,0,3,9.23,-0.66,CCCOCC
2-Propanol,-0.261,1,60.096,1,0,0,20.23,0.43,CC(C)O
2-Methylnapthalene,-3.802,1,142.201,0,2,0,0,-3.77,Cc1ccc2ccccc2c1
Chlorodibromethane,-2.54,1,208.28,0,0,0,0,-1.9,ClC(Br)Br
Hexestrol,-4.854,1,270.372,2,2,5,40.46,-4.43,CCC(C(CC)c1ccc(O)cc1)c2ccc(O)cc2
Malathion,-3.391,1,330.364,0,0,9,71.06,-3.37,CCOC(=O)CC(SP(=S)(OC)OC)C(=O)OCC
Benzylchloride,-2.887,1,126.586,0,1,1,0,-2.39,ClCc1ccccc1
t-Crotonaldehyde,-0.604,1,70.091,0,0,1,17.07,0.32,C/C=C/C=O
Chlorbromuron,-3.938,1,293.548,1,1,2,41.57,-3.924,CON(C)C(=O)Nc1ccc(Br)c(Cl)c1
"9,10-Dimethylanthracene",-5.228,1,206.288,0,3,0,0,-6.57,Cc1c2ccccc2c(C)c3ccccc13
Methyl hexanoate,-1.899,1,130.187,0,0,4,26.3,-1.87,CCCCCC(=O)OC
Dimefuron,-3.831,1,338.795,1,2,2,80.37,-4.328,CN(C)C(=O)Nc1ccc(c(Cl)c1)n2nc(oc2=O)C(C)(C)C
p-Fluoroacetanilide,-2.181,1,153.156,1,1,1,29.1,-1.78,CC(=O)Nc1ccc(F)cc1
Pyrimidine,-0.884,2,80.09,0,1,0,25.78,1.1,c1cncnc1
p-Chloronitrobenzene,-2.901,1,157.556,0,1,1,43.14,-2.92,Clc1ccc(cc1)N(=O)=O
Methyl propionate,-0.836,1,88.106,0,0,1,26.3,-0.14,CCC(=O)OC
o-Chloronitrobenzene,-2.775,1,157.556,0,1,1,43.14,-2.55,Clc1ccccc1N(=O)=O
Buthidazole,-2.398,1,256.331,1,2,1,69.56,-1.877,CN1CC(O)N(C1=O)c2nnc(s2)C(C)(C)C
Nitrobenzene,-2.288,1,123.111,0,1,1,43.14,-1.8,O=N(=O)c1ccccc1
Iodobenzene,-3.8,1,204.01,0,1,0,0,-3.01,Ic1ccccc1
Metolazone,-3.777,1,365.842,2,3,2,92.5,-3.78,CC2Nc1cc(Cl)c(cc1C(=O)N2c3ccccc3C)S(N)(=O)=O 
Methocarbamol,-1.428,1,241.243,2,1,6,91.01,-0.985,COc1ccccc1OCC(O)COC(N)=O
butachlor,-4.347,1,311.853,0,1,9,29.54,-4.19,CCCCOCN(C(=O)CCl)c1c(CC)cccc1CC 
"2,3-Dichlorophenol",-3.144,1,163.003,1,1,0,20.23,-1.3,Oc1cccc(Cl)c1Cl
Propyl butyrate,-1.191,1,102.133,0,0,2,26.3,-1.92,CCCC(=O)OC
Propanil,-3.644,1,218.083,1,1,2,29.1,-3,CCC(=O)Nc1ccc(Cl)c(Cl)c1
Triamterene,-3.051,1,253.269,3,3,1,129.62,-2.404,Nc3nc(N)c2nc(c1ccccc1)c(N)nc2n3
Ethyl hexanoate,-2.254,1,144.214,0,0,5,26.3,-2.35,CCCCCC(=O)OCC
chloralose,-1.887,1,309.529,3,2,2,88.38,-1.84,OCC(O)C2OC1OC(OC1C2O)C(Cl)(Cl)Cl 
Prometon,-3.448,1,225.296,2,1,5,71.96,-2.478,COc1nc(NC(C)C)nc(NC(C)C)n1
1-Octene ,-3.073,1,112.216,0,0,5,0,-4.44,CCCCCCC=C
p-Methylaniline ,-1.954,1,107.156,1,1,0,26.02,-1.21,Cc1ccc(N)cc1
aminothiazole,-1.226,1,100.146,1,1,0,38.91,-0.36,Nc1nccs1 
Metolcarb,-1.947,1,151.165,1,1,1,38.33,-1.803,c1ccccc1(OC(=O)NC)
3-Hexanol,-1.324,1,102.177,1,0,3,20.23,-0.8,CCCC(O)CC
9-anthrol,-4.148,1,194.233,1,3,0,20.23,-4.73,c3ccc2c(O)c1ccccc1cc2c3 
2-Methylanthracene,-4.87,1,192.261,0,3,0,0,-6.96,Cc1ccc2cc3ccccc3cc2c1
"1,2,3-Trimethylbenzene ",-3.312,1,120.195,0,1,0,0,-3.2,Cc1cccc(C)c1C
Aminocarb,-2.677,1,208.261,1,1,2,41.57,-2.36,CNC(=O)Oc1ccc(N(C)C)c(C)c1
2-Nonanol,-2.387,1,144.258,1,0,6,20.23,-2.74,CCCCCCCC(C)O
Methyldymron,-3.863,1,268.36,1,2,3,32.34,-3.35,CN(C(=O)NC(C)(C)c1ccccc1)c2ccccc2
3-Hexanone,-1.266,1,100.161,0,0,3,17.07,-0.83,CCCC(=O)CC
bromoxynil,-3.793,1,276.915,1,1,0,44.02,-3.33,Oc1c(Br)cc(C#N)cc1Br 
"3,4-PCB",-5.223,1,223.102,0,2,1,0,-6.39,Clc1ccc(cc1Cl)c2ccccc2 
Mefenacet,-4.504,1,298.367,0,3,4,42.43,-4.873,CN(C(=O)COc1nc2ccccc2s1)c3ccccc3
5-hydroxyquinoline,-2.725,1,145.161,1,2,0,33.12,-2.54,Oc1cccc2ncccc12 
Carboxin,-2.927,1,235.308,1,2,2,38.33,-3.14,CC1=C(SCCO1)C(=O)Nc2ccccc2
Ethoxyzolamide,-3.085,1,258.324,1,2,3,82.28,-3.81,CCOc2ccc1nc(sc1c2)S(N)(=O)=O 
Pentachlorophenol,-4.835,1,266.338,1,1,0,20.23,-4.28,Oc1c(Cl)c(Cl)c(Cl)c(Cl)c1Cl
Bromochloromethane,-1.519,1,129.384,0,0,0,0,-0.89,ClCBr
deoxycorticosterone acetate,-4.472,1,372.505,0,4,3,60.44,-4.63,CC(=O)OCC(=O)C3CCC4C2CCC1=CC(=O)CCC1(C)C2CCC34C 
benzylurea,-1.509,1,150.181,2,1,2,55.12,-0.95,NC(=O)NCc1ccccc1 
Chlortoluron,-3.048,1,212.68,1,1,1,32.34,-3.483,CN(C)C(=O)Nc1ccc(C)c(Cl)c1
Linuron,-3.581,1,249.097,1,1,2,41.57,-3.592,CON(C)C(=O)Nc1ccc(Cl)c(Cl)c1
Cycloheptanol,-1.7,1,114.188,1,1,0,20.23,-0.88,OC1CCCCCC1
Thiamphenicol,-1.936,1,356.227,3,1,6,103.7,-2.154,CS(=O)(=O)c1ccc(cc1)C(O)C(CO)NC(=O)C(Cl)Cl 
thiopental,-2.96,1,242.344,2,1,4,58.2,-3.36,CCCC(C)C1(CC)C(=O)NC(=S)NC1=O 
acetazolamide,-0.793,1,222.251,2,1,2,115.04,-2.36,CC(=O)Nc1nnc(s1)S(N)(=O)=O 
Aldrin,-5.511,1,364.914,0,4,0,0,-6.307,ClC1=C(Cl)C2(Cl)C3C4CC(C=C4)C3C1(Cl)C2(Cl)Cl
Tetrahydrofurane ,-0.62,2,72.107,0,1,0,9.23,0.49,C1CCOC1
o-Nitroaniline,-2.277,1,138.126,1,1,1,69.16,-1.96,Nc1ccccc1N(=O)=O
"2,2',3,3'-PCB",-6.079,1,291.992,0,2,1,0,-7.28,Clc1cccc(c1Cl)c2cccc(Cl)c2Cl
phenylbutazone,-4.076,1,308.381,0,3,5,40.62,-3.81,CCCCC1C(=O)N(N(C1=O)c2ccccc2)c3ccccc3 
Chlorazine,-3.663,1,257.769,0,1,6,45.15,-4.411,CCN(CC)c1nc(Cl)nc(n1)N(CC)CC
captafol,-4.365,1,349.066,0,2,3,37.38,-5.4,ClC(Cl)C(Cl)(Cl)SN2C(=O)C1CC=CCC1C2=O 
Oxazepam,-3.517,1,286.718,2,3,1,61.69,-3.952,OC3N=C(c1ccccc1)c2cc(Cl)ccc2NC3=O 
Secobarbital,-2.415,1,238.287,2,1,5,75.27,-2.356,O=C1NC(=O)NC(=O)C1(C(C)CCC)CC=C
Carvacrol,-3.224,1,150.221,1,1,1,20.23,-2.08,c1(O)c(C)ccc(C(C)C)c1
Kepone,-5.112,1,490.639,0,6,0,17.07,-5.259,ClC1(C(=O)C2(Cl)C3(Cl)C14Cl)C5(Cl)C2(Cl)C3(Cl)C(Cl)(Cl)C45Cl
Disulfiram,-3.862,1,296.552,0,0,4,6.48,-4.86,CCN(CC)C(=S)SSC(=S)N(CC)CC
Cyclohexane,-2.477,2,84.162,0,1,0,0,-3.1,C1CCCCC1
Dienochlor,-7.848,1,474.64,0,2,1,0,-7.278,ClC1=C(Cl)C(Cl)(C(=C1Cl)Cl)C2(Cl)C(=C(Cl)C(=C2Cl)Cl)Cl
Equilenin,-3.927,1,266.34,1,4,0,37.3,-5.24,CC34CCc1c(ccc2cc(O)ccc12)C3CCC4=O
1-Octanol,-2.105,1,130.231,1,0,6,20.23,-2.39,CCCCCCCCO
Diethyl sulfide,-1.598,1,90.191,0,0,2,0,-1.34,CCSCC
"1,2-Dichloroethane",-1.374,1,98.96,0,0,1,0,-1.06,ClCCCl
2-Chloro-2-methylbutane,-2.278,1,106.596,0,0,1,0,-2.51,CCC(C)(C)Cl
1-Chloro-2-bromoethane,-1.738,1,143.411,0,0,1,0,-1.32,ClCCBr
RTI 2,-3.125,1,268.32,0,3,2,49.33,-2.86,CCN2c1ncccc1N(CC)C(=O)c3cccnc23 
Chlorobenzene,-2.975,1,112.559,0,1,0,0,-2.38,Clc1ccccc1
1-Nonene ,-3.427,1,126.243,0,0,6,0,-5.05,CCCCCCCC=C
p-Bromoiodobenzene,-4.754,1,282.906,0,1,0,0,-4.56,Brc1ccc(I)cc1
3-Methyl-3-pentanol,-1.308,1,102.177,1,0,2,20.23,-0.36,CCC(C)(O)CC
Pentylbenzene,-3.899,1,148.249,0,1,4,0,-4.64,CCCCCc1ccccc1
testosterone acetate,-4.449,1,330.468,0,4,1,43.37,-5.184,CC(=O)OC3CCC4C2CCC1=CC(=O)CCC1(C)C2CCC34C 
RTI 19,-4.007,1,252.317,0,3,1,23.55,-4.749,CCN2c1ccccc1N(C)C(=O)c3ccccc23 
2-Hexanol,-1.324,1,102.177,1,0,3,20.23,-0.89,CCCCC(C)O
Propylcyclopentane,-3.16,1,112.216,0,1,2,0,-4.74,CCCC1CCCC1
Etomidate,-3.359,1,244.294,0,2,4,44.12,-4.735,CCOC(=O)c1cncn1C(C)c2ccccc2
Benzoxazole,-2.214,2,119.123,0,2,0,26.03,-1.16,c2ccc1ocnc1c2
1-Pentanol,-1.042,1,88.15,1,0,3,20.23,-0.6,CCCCCO
"N,N-Diethylaniline",-3.16,1,149.237,0,1,3,3.24,-3.03,CCN(CC)c1ccccc1
"1,3-Difluorobenzene",-2.636,1,114.094,0,1,0,0,-2,Fc1cccc(F)c1
3-chloropropionitrile,-0.522,1,89.525,0,0,1,23.79,-0.29,ClCCC#N 
5-Ethyl-5-phenylbarbital,-2.272,1,232.239,2,2,2,75.27,-2.322,O=C1NC(=O)NC(=O)C1(CC)c1ccccc1
Carbofuran,-3.05,1,221.256,1,2,1,47.56,-2.8,CNC(=O)Oc1cccc2CC(C)(C)Oc12
"2,6-Dimethylphenol",-2.589,1,122.167,1,1,0,20.23,-1.29,Cc1cccc(C)c1O
benzhydrol,-3.033,1,184.238,1,2,2,20.23,-2.55,c1ccccc1C(O)c2ccccc2
Methyl decanoate,-3.316,1,186.295,0,0,8,26.3,-4.69,CCCCCCCCCC(=O)OC
Dicapthon,-4.188,1,297.656,0,1,5,70.83,-4.31,COP(=S)(OC)Oc1ccc(cc1Cl)N(=O)=O
1-Bromo-2-methylpropane,-2.288,1,137.02,0,0,1,0,-2.43,CC(C)CBr
Pirimicarb,-2.34,1,238.291,0,1,2,58.56,-1.95,CN(C)C(=O)Oc1nc(nc(C)c1C)N(C)C
1-Bromohexane,-3.012,1,165.074,0,0,4,0,-3.81,CCCCCCBr
2-Methylpentane,-2.6,1,86.178,0,0,2,0,-3.74,CCCC(C)C
Tetrafluthrin,-6.339,1,418.736,0,2,4,26.3,-7.321,Cc1c(F)c(F)c(COC(=O)C2C(C=C(Cl)C(F)(F)F)C2(C)C)c(F)c1F
Metolachlor,-3.431,1,283.799,0,1,6,29.54,-2.73,CCc1cccc(C)c1N(C(C)COC)C(=O)CCl 
nifuroxime,-1.843,1,156.097,1,1,2,88.87,-2.19,ON=Cc1ccc(o1)N(=O)=O 
Amitrole,-0.674,1,84.082,2,1,0,67.59,0.522,Nc1nc[nH]n1
Tribromomethane,-2.904,1,252.731,0,0,0,0,-1.91,BrC(Br)Br
Trichlorfon,-1.866,1,257.437,1,0,3,55.76,-0.22,COP(=O)(OC)C(O)C(Cl)(Cl)Cl
Phosalone,-5.024,1,367.816,0,2,7,53.6,-5.233,CCOP(=S)(OCC)SCn1c(=O)oc2cc(Cl)ccc12
Phenylmethanol,-1.699,1,108.14,1,1,1,20.23,-0.4,OCc1ccccc1
Coumatetralyl,-5.194,1,292.334,1,4,1,50.44,-2.84,O=c2c(C3CCCc4ccccc43)c(O)c1ccccc1o2 
4-Bromophenol,-3.132,1,173.009,1,1,0,20.23,-1.09,Oc1ccc(Br)cc1
2-Bromopropane,-1.949,1,122.993,0,0,0,0,-1.59,CC(C)Br
"2,2,4-Trimethylpentane",-3.276,1,114.232,0,0,1,0,-4.74,CC(C)CC(C)(C)C
Nimetazepam,-3.557,1,295.298,0,3,2,75.81,-3.796,CN2C(=O)CN=C(c1ccccc1)c3cc(ccc23)N(=O)=O
Minoxidil,-1.809,1,209.253,2,2,1,95.11,-1.989,Nc1cc(nc(N)n1=O)N2CCCCC2 
Dicofol,-6.268,1,370.49,1,2,2,20.23,-5.666,OC(c1ccc(Cl)cc1)(c2ccc(Cl)cc2)C(Cl)(Cl)Cl
Dialifos,-5.026,1,393.854,0,2,8,55.84,-6.34,CCOP(=S)(OCC)SC(CCl)N2C(=O)c1ccccc1C2=O
"1,4-Dibromobenzene",-4.298,1,235.906,0,1,0,0,-4.07,Brc1ccc(Br)cc1
Methazole,-3.601,1,261.064,0,2,1,57.14,-2.82,Cn2c(=O)on(c1ccc(Cl)c(Cl)c1)c2=O
p-Phenylphenol,-3.701,1,170.211,1,2,1,20.23,-3.48,Oc1ccc(cc1)c2ccccc2
pyracarbolid,-2.83,1,217.268,1,2,2,38.33,-2.56,CC1=C(CCCO1)C(=O)Nc2ccccc2 
Ethyl vinyl ether,-0.857,1,72.107,0,0,2,9.23,-0.85,CCOC=C
4-methoxypteridine,-1.589,1,162.152,0,2,1,60.79,-1.11,COc1ncnc2nccnc12 
3-Methyl-3-heptanol,-2.017,1,130.231,1,0,4,20.23,-1.6,CCCCC(C)(O)CC
3-Ethanoyloxymethylphenytoin,-2.723,1,324.336,1,3,4,75.71,-4.47,O=C1N(COC(=O)C)C(=O)C(N1)(c2ccccc2)c3ccccc3
2-methoxypteridine,-1.589,1,162.152,0,2,1,60.79,-1.11,COc2ncc1nccnc1n2
Dioxacarb,-1.614,1,223.228,1,2,2,56.79,-1.57,CNC(=O)Oc1ccccc1C2OCCO2
isocarbamid,-1.508,1,185.227,2,1,2,61.44,-2.15,C1N(C(=O)NCC(C)C)C(=O)NC1
Fenoxycarb,-4.662,1,301.342,1,2,7,56.79,-4.7,CCOC(=O)NCCOc2ccc(Oc1ccccc1)cc2
acetyl sulfisoxazole,-2.024,1,293.348,1,2,3,89.43,-3.59,CC(=O)N(S(=O)c1ccc(N)cc1)c2onc(C)c2C 
"1,1,1,2-Tetrachloroethane",-2.794,1,167.85,0,0,0,0,-2.18,ClCC(Cl)(Cl)Cl
Siduron,-3.779,1,232.327,2,2,2,41.13,-4.11,CC1CCCCC1NC(=O)Nc2ccccc2
"1,3,5-Trichlorobenzene",-4.159,1,181.449,0,1,0,0,-4.48,Clc1cc(Cl)cc(Cl)c1
Furfural,-1.391,1,96.085,0,1,1,30.21,-0.1,O=Cc1ccco1
3-Methylbutan-1-ol,-1.027,1,88.15,1,0,2,20.23,-0.51,CC(C)CCO
piperonal,-2.033,1,150.133,0,2,1,35.53,-1.63,O=Cc2ccc1OCOc1c2 
2-Methylpropene,-1.573,1,56.108,0,0,0,0,-2.33,CC(=C)C
Benzaldehyde,-1.999,1,106.124,0,1,1,17.07,-1.19,O=Cc1ccccc1
Benfuracarb,-5.133,1,410.536,0,2,8,68.31,-4.71,CCOC(=O)CCN(SN(C)C(=O)Oc1cccc2CC(C)(C)Oc21)C(C)C
RTI 10,-2.771,1,226.235,0,3,0,42.43,-3.672,O2c1ccccc1N(C)C(=O)c3cccnc23 
Fluorene ,-4.125,2,166.223,0,3,0,0,-5,C1c2ccccc2c3ccccc13
Methylcyclohexane ,-2.891,1,98.189,0,1,0,0,-3.85,CC1CCCCC1
sulfaguanidine,-0.706,1,214.25,4,1,2,122.06,-1.99,NC(=N)NS(=O)(=O)c1ccc(N)cc1 
Methylparaben,-2.441,1,152.149,1,1,1,46.53,-1.827,COC(=O)c1ccc(O)cc1
2-Methyltetrahydrofurane,-1.034,1,86.134,0,1,0,9.23,0.11,CC1CCCO1
Santonin,-2.43,1,246.306,0,3,0,43.37,-3.09,CC3C2CCC1(C)C=CC(=O)C(=C1C2OC3=O)C
Salicin,-0.975,1,286.28,5,2,4,119.61,-0.85,OCC2OC(Oc1ccccc1CO)C(O)C(O)C2O
Ametryn,-3.43,1,227.337,2,1,5,62.73,-3.04,CCNc1nc(NC(C)C)nc(SC)n1
Hydroxyprogesterone-17a,-3.876,1,330.468,1,4,1,54.37,-3.817,CC(=O)C1(O)CCC2C3CCC4=CC(=O)CCC4(C)C3CCC21C
2-Pentanol,-0.97,1,88.15,1,0,2,20.23,-0.29,CCCC(C)O
benzoin,-3.148,1,212.248,1,2,3,37.3,-2.85,OC(C(=O)c1ccccc1)c2ccccc2
"2,4-Dimethylphenol",-2.621,1,122.167,1,1,0,20.23,-1.19,Cc1ccc(O)c(C)c1
ampyrone,-1.192,1,203.245,1,2,1,52.95,-0.624,Cc2c(N)c(=O)n(c1ccccc1)n2C
"2,2',4,5'-PCB",-6.23,1,291.992,0,2,1,0,-6.57,Clc1ccc(c(Cl)c1)c2cc(Cl)ccc2Cl 
Terbutryn,-3.75,1,241.364,2,1,4,62.73,-4,CCNc1nc(NC(C)(C)C)nc(SC)n1
2-methylpteridine,-1.24,1,146.153,0,2,0,51.56,-0.12,Cc2ncc1nccnc1n2
Danazol,-4.557,1,337.463,1,5,0,46.26,-5.507,CC23Cc1cnoc1C=C2CCC4C3CCC5(C)C4CCC5(O)C#C
1-Iodobutane,-2.841,1,184.02,0,0,2,0,-2.96,CCCCI
2-Bromonapthalene,-4.434,1,207.07,0,2,0,0,-4.4,Brc1ccc2ccccc2c1
"Digoxin (L1=41,8mg/mL, L2=68,2mg/mL, Z=40,1mg/mL)",-5.312,1,780.949,6,8,7,203.06,-4.081,CC1OC(CC(O)C1O)OC2C(O)CC(OC2C)OC8C(O)CC(OC7CCC3(C)C(CCC4C3CC(O)C5(C)C(CCC45O)C6=CC(=O)OC6)C7)OC8C 
Benzyltrifluoride,-3.099,1,146.111,0,1,0,0,-2.51,FC(F)(F)c1ccccc1
Dihexyl phthalate,-5.758,1,334.456,0,1,12,52.6,-6.144,CCCCCCOC(=O)c1ccccc1C(=O)OCCCCCC
Dibenzothiophene,-4.597,2,184.263,0,3,0,0,-4.38,c1ccc2c(c1)sc3ccccc23
"2,3',4,4'-PCB",-6.709,1,326.437,0,2,1,0,-7.8,Clc1ccc(c(Cl)c1)c2ccc(Cl)c(Cl)c2Cl 
Warfarin,-3.913,1,308.333,1,3,4,67.51,-3.893,CC(=O)CC(c1ccccc1)c3c(O)c2ccccc2oc3=O 
hydrobenzoin,-2.645,1,214.264,2,2,3,40.46,-1.93,c1ccccc1C(O)C(O)c2ccccc2
Dimethyl phthalate,-2.347,1,194.186,0,1,2,52.6,-1.66,COC(=O)c1ccccc1C(=O)OC
Ethyl octanoate,-2.962,1,172.268,0,0,7,26.3,-3.39,CCCCCCCC(=O)OCC
Diethyldisulfide,-2.364,1,122.258,0,0,3,0,-2.42,CCSSCC
"1,2-Diethoxyethane ",-0.833,1,118.176,0,0,5,18.46,-0.77,CCOCCOCC
"1,2,4,5-Tetrachlorobenzene",-4.621,1,215.894,0,1,0,0,-5.56,Clc1cc(Cl)c(Cl)cc1Cl
p-benzidine,-2.613,1,184.242,2,2,1,52.04,-2.7,Nc1ccc(cc1)c2ccc(N)cc2
1-Heptene,-2.718,1,98.189,0,0,4,0,-3.73,CCCCCC=C
Ethirimol,-2.732,1,209.293,2,1,5,57.78,-3.028,CCCCc1c(C)nc(NCC)[nH]c1=O
Pentobarbital,-2.312,1,226.276,2,1,4,75.27,-2.39,O=C1NC(=O)NC(=O)C1(CC)C(C)CCC
o-Chloroaniline,-2.392,1,127.574,1,1,0,26.02,-1.52,Nc1ccccc1Cl
3-Chloroanisole,-3.057,1,142.585,0,1,1,9.23,-2.78,COc1cccc(Cl)c1
Pebulate,-3.131,1,203.351,0,0,6,20.31,-3.53,CCCCN(CC)C(=O)SCCC
Butyl acetate,-1.111,1,102.133,0,0,4,26.3,-1.37,CCCCOC=O
Prednisolone,-2.974,1,360.45,3,4,2,94.83,-3.18,CC12CC(O)C3C(CCC4=CC(=O)C=CC34C)C2CCC1(O)C(=O)CO
p-terphenyl,-5.741,2,230.31,0,3,2,0,-7.11,c1ccc(cc1)c2ccc(cc2)c3ccccc3
p-Hydroxybenzaldehyde ,-2.003,1,122.123,1,1,1,37.3,-0.96,Oc1ccc(C=O)cc1
Bromomethane,-1.109,1,94.939,0,0,0,0,-0.79,CBr
Coumachlor,-4.554,1,342.778,1,3,4,67.51,-5.839,CC(=O)CC(c1ccc(Cl)cc1)c2c(O)c3ccccc3oc2=O
5-methylcytosine,-0.257,1,125.131,2,1,0,71.77,-1.458,Nc1c(C)c[nH]c(=O)n1 
benodanil,-4.245,1,323.133,1,2,2,29.1,-4.21,c1c(NC(=O)c2ccccc2(I))cccc1
Riboflavin,-1.865,1,376.369,5,3,5,161.56,-3.685,Cc3cc2nc1c(=O)[nH]c(=O)nc1n(CC(O)C(O)C(O)CO)c2cc3C
o-Fluorobromobenzene,-3.467,1,175,0,1,0,0,-2.7,Fc1ccccc1Br
Permethrin,-7.129,1,391.294,0,3,6,35.53,-6.291,CC1(C)C(C=C(Cl)Cl)C1C(=O)OCc2cccc(Oc3ccccc3)c2
3-Propanoyloxymethylphenytoin,-3.128,1,338.363,1,3,5,75.71,-4.907,O=C1N(COC(=O)CC)C(=O)C(N1)(c2ccccc2)c3ccccc3
Cyclopentane ,-2.038,2,70.135,0,1,0,0,-2.64,C1CCCC1
o-Toluidine,-1.922,1,107.156,1,1,0,26.02,-2.21,Cc1ccccc1N
Estragole,-3.074,1,148.205,0,1,3,9.23,-2.92,c1(OC)ccc(CC=C)cc1
karbutilate,-2.655,1,279.34,2,1,2,70.67,-2.93,CN(C)C(=O)Nc1cccc(OC(=O)NC(C)(C)C)c1 
3-Methyl-1-Butene,-1.994,1,70.135,0,0,1,0,-2.73,CC(C)C=C
2-Hydroxypyridine,-1.655,1,95.101,1,1,0,33.12,1.02,Oc1ccccn1
Ethane,-1.132,1,30.07,0,0,0,0,-1.36,CC
"1,2-Dichlorobenzene",-3.482,1,147.004,0,1,0,0,-3.05,Clc1ccccc1Cl
mercaptobenzothiazole,-3.411,1,167.258,1,2,0,12.89,-3.18,Sc2nc1ccccc1s2 
"2,2',3,3',4,4',5,5',6,6'-PCB",-9.589,1,498.662,0,2,1,0,-11.6,Clc1c(Cl)c(Cl)c(c(Cl)c1Cl)c2c(Cl)c(Cl)c(Cl)c(Cl)c2Cl 
Methoxsalen,-3.25,1,216.192,0,3,1,52.58,-3.664,COc2c1occc1cc3ccc(=O)oc23 
Acetamide,0.494,1,59.068,1,0,0,43.09,1.58,CC(=O)N
1-Methylnaphthalene,-3.802,1,142.201,0,2,0,0,-3.7,Cc1cccc2ccccc12
Napropamide,-4.088,1,271.36,0,2,5,29.54,-3.57,CCN(CC)C(=O)C(C)Oc1cccc2ccccc12 
"3,3-Dimethyl-2-butanol",-1.292,1,102.177,1,0,0,20.23,-0.62,CC(O)C(C)(C)C
Methyl pentanoate,-1.545,1,116.16,0,0,3,26.3,-1.36,CCCC(=O)OCC
Menadione,-2.667,1,172.183,0,2,0,34.14,-3.03,CC2=CC(=O)c1ccccc1C2=O 
Phenanthrene,-4.518,2,178.234,0,3,0,0,-5.26,c1ccc2c(c1)ccc3ccccc32
"2,4-Dimethylpyridine",-2.098,1,107.156,0,1,0,12.89,0.38,Cc1ccnc(C)c1
1-Nonanol,-2.46,1,144.258,1,0,7,20.23,-3.01,CCCCCCCCCO
Dibromomethane,-1.883,1,173.835,0,0,0,0,-1.17,BrCBr
Dexamethasone,-3.4,1,392.467,3,4,2,94.83,-3.59,CC1CC2C3CCC4=CC(=O)C=CC4(C)C3(F)C(O)CC2(C)C1(O)C(=O)CO
"2,6-Dimethylnaphthalene ",-4.147,1,156.228,0,2,0,0,-4.89,Cc1ccc2cc(C)ccc2c1
Butylate,-3.453,1,217.378,0,0,5,20.31,-3.68,CCSC(=O)N(CC(C)C)CC(C)C
nitroglycerin,-2.029,1,227.085,0,0,8,157.11,-2.22,O=N(=O)OCC(CON(=O)=O)ON(=O)=O 
m-Nitroaniline,-1.936,1,138.126,1,1,1,69.16,-2.19,Nc1cccc(c1)N(=O)=O
1-Chlorobutane,-1.94,1,92.569,0,0,2,0,-2.03,CCCCCl
triforine,-3.715,1,430.934,2,1,6,64.68,-4.19,ClC(Cl)(Cl)C(NC=O)N1C=CN(C=C1)C(NC=O)C(Cl)(Cl)Cl 
6-aminochrysene,-4.849,1,243.309,1,4,0,26.02,-6.2,Nc3cc2c1ccccc1ccc2c4ccccc34 
RTI 17,-4.227,1,269.373,0,3,1,19.37,-4.706,CCN2c1ccccc1N(C)C(=S)c3cccnc23 
Nitrazepam,-3.473,1,281.271,1,3,2,84.6,-3.796,O=C3CN=C(c1ccccc1)c2cc(ccc2N3)N(=O)=O
"1,3-diethylthiourea",-1.028,1,132.232,2,0,2,24.06,-1.46,CCNC(=S)NCC
"2,3,5-Trichlorophenol",-3.78,1,197.448,1,1,0,20.23,-2.67,Oc1cc(Cl)cc(Cl)c1Cl
Propyl propanoate,-1.545,1,116.16,0,0,3,26.3,-1.34,CCCCC(=O)OC
Aniline ,-1.632,1,93.129,1,1,0,26.02,-0.41,Nc1ccccc1
Acenapthylene,-3.682,2,152.196,0,3,0,0,-3.96,C1=Cc2cccc3cccc1c23
Atratone,-3.185,1,211.269,2,1,5,71.96,-2.084,CCNc1nc(NC(C)C)nc(OC)n1
Benzo(a)pyrene,-6.007,2,252.316,0,5,0,0,-8.699,c1ccc2c(c1)cc3ccc4cccc5ccc2c3c45
Bromoethane,-1.529,1,108.966,0,0,0,0,-1.09,CCBr
3-Hexyne,-1.933,1,82.146,0,0,0,0,-1.99,CCC#CCC
Digitoxin,-6.114,1,764.95,5,8,7,182.83,-5.293,CC1OC(CC(O)C1O)OC2C(O)CC(OC2C)OC8C(O)CC(OC7CCC3(C)C(CCC4C3CCC5(C)C(CCC45O)C6=CC(=O)OC6)C7)OC8C 
2-Methyl-1-Butene,-1.994,1,70.135,0,0,1,0,-2.73,CCC(=C)C
phenolphthalein,-4.59,1,318.328,2,4,2,66.76,-2.9,Oc1ccc(cc1)C2(OC(=O)c3ccccc23)c4ccc(O)cc4 
"1,3,5-Tribromobenzene",-5.27,1,314.802,0,1,0,0,-5.6,Brc1cc(Br)cc(Br)c1
Ronnel,-5.247,1,321.549,0,1,4,27.69,-5.72,COP(=S)(OC)Oc1cc(Cl)c(Cl)cc1Cl
methylthiouracil,-0.547,1,142.183,2,1,0,48.65,-2.436,Cc1cc(=O)[nH]c(=S)[nH]1
Eugenol,-2.675,1,164.204,1,1,3,29.46,-1.56,COc1cc(CC=C)ccc1O
Pyrene,-4.957,2,202.256,0,4,0,0,-6.176,c1cc2ccc3cccc4ccc(c1)c2c34
Clomazone,-3.077,1,239.702,0,2,2,29.54,-2.338,CC1(C)CON(Cc2ccccc2Cl)C1=O
2-Butoxyethanol,-0.775,1,118.176,1,0,5,29.46,-0.42,CCCCOCCO
Quintozene,-5.098,1,295.336,0,1,1,43.14,-5.82,Clc1c(Cl)c(Cl)c(N(=O)=O)c(Cl)c1Cl
Androsterone,-3.882,1,290.447,1,4,0,37.3,-4.402,CC12CCC(O)CC1CCC3C2CCC4(C)C3CCC4=O
Flurochloridone,-4.749,1,312.118,0,2,2,20.31,-4.047,FC(F)(F)c1cccc(c1)N2CC(CCl)C(Cl)C2=O
Quinoline,-2.663,2,129.162,0,2,0,12.89,-1.3,c1ccc2ncccc2c1
methyl gallate,-1.913,1,184.147,3,1,1,86.99,-1.24,COC(=O)c1cc(O)c(O)c(O)c1 
fluconazole,-2.418,1,306.276,1,3,5,81.65,-1.8,OC(Cn1cncn1)(Cn2cncn2)c3ccc(F)cc3F 
Chlorzoxazone,-2.679,1,169.567,1,2,0,46,-2.831,Clc2ccc1oc(=O)[nH]c1c2
"2,2',3,4,4',5',6-PCB",-7.898,1,395.327,0,2,1,0,-7.92,Clc1ccc(c(Cl)c1)c2c(Cl)c(Cl)c(Cl)c(Cl)c2Cl
alloxan,0.436,1,142.07,2,1,0,92.34,-1.25,O=C1NC(=O)C(=O)C(=O)N1 
"1,3-Dichloropropane",-1.618,1,112.987,0,0,2,0,-1.62,ClCCCCl
m-Fluorobromobenzene,-3.467,1,175,0,1,0,0,-2.67,Fc1cccc(Br)c1
p-Chlorobromobenzene,-3.928,1,191.455,0,1,0,0,-3.63,Clc1ccc(Br)cc1
"2,3-Dimethylbutane",-2.584,1,86.178,0,0,1,0,-3.65,CC(C)C(C)C
1-Butene,-1.655,1,56.108,0,0,1,0,-1.94,CCC=C
cytosine,0.051,1,111.104,2,1,0,71.77,-1.155,Nc1cc[nH]c(=O)n1 
"1,1,2-Trichlorotrifluoroethane",-3.077,1,187.375,0,0,1,0,-3.04,FC(F)(Cl)C(F)(Cl)Cl
"O,P'-DDD",-6.008,1,320.046,0,2,3,0,-6.51,ClC(Cl)C(c1ccc(Cl)cc1)c2ccccc2Cl 
o-Nitroanisole,-2.346,1,153.137,0,1,2,52.37,-1.96,COc1ccccc1N(=O)=O
Prasterone,-3.564,1,288.431,1,4,0,37.3,-4.12,CC34CCC1C(CC=C2CC(O)CCC12C)C3CCC4=O
Benzo[ghi]perylene,-6.446,2,276.338,0,6,0,0,-9.018,c1cc2ccc3ccc4ccc5cccc6c(c1)c2c3c4c56
meconin,-0.825,1,196.202,0,2,2,44.76,-1.899,c1c(OC)c(OC)C2C(=O)OCC2c1
Glycerol,0.688,1,92.094,3,0,2,60.69,1.12,OCC(O)CO
Guaiacol,-1.941,1,124.139,1,1,1,29.46,-1.96,COc1ccccc1O 
chlorpyrifos,-4.972,1,350.591,0,1,6,40.58,-5.67,CCOP(=S)(OCC)Oc1nc(Cl)c(Cl)cc1Cl 
Antipyrene,-1.733,1,188.23,0,2,1,26.93,0.715,Cc1cc(=O)n(c2ccccc2)n1C
simazine,-2.811,1,201.661,2,1,4,62.73,-4.55,CCNc1nc(Cl)nc(NCC)n1 
Simetryn,-2.689,1,213.31,0,1,3,45.15,-2.676,CSc1nc(nc(n1)N(C)C)N(C)C
Ethylene,-0.815,1,28.054,0,0,0,0,-0.4,C=C
"3,3-Dimethyl-1-butanol",-1.365,1,102.177,1,0,1,20.23,-0.5,CC(C)(C)CCO
5-Allyl-5-ethylbarbital,-1.368,1,196.206,2,1,3,75.27,-1.614,O=C1NC(=O)NC(=O)C1(CC)CC=C
"2,3,4-Trichlorophenol",-3.705,1,197.448,1,1,0,20.23,-2.67,Oc1ccc(Cl)c(Cl)c1Cl
Difenoxuron,-3.928,1,286.331,1,2,4,50.8,-4.16,COc2ccc(Oc1ccc(NC(=O)N(C)C)cc1)cc2
4-Ethyltoluene,-3.328,1,120.195,0,1,1,0,-3.11,CCc1ccc(C)cc1
Diisopropylsulfide,-2.162,1,118.245,0,0,2,0,-2.24,CC(C)SC(C)C
"1,3-Dinitrobenzene",-2.281,1,168.108,0,1,2,86.28,-2.29,O=N(=O)c1cccc(c1)N(=O)=O
Ethion,-5.471,1,384.487,0,0,12,36.92,-5.54,CCOP(=S)(OCC)SCSP(=S)(OCC)OCC
cortisone acetate,-3.426,1,402.487,1,4,3,97.74,-4.21,CC(=O)OCC(=O)C3(O)CCC4C2CCC1=CC(=O)CCC1(C)C2C(=O)CC34C 
Metronidazole,-0.859,1,171.156,1,1,3,81.19,-1.22,Cc1ncc(N(=O)=O)n1CCO
p-Chloroaniline,-2.392,1,127.574,1,1,0,26.02,-1.66,Nc1ccc(Cl)cc1
"2,2-Dimethylpentanol",-1.719,1,116.204,1,0,3,20.23,-1.52,CCCC(C)(C)CO
Methoproptryne,-3.259,1,271.39,2,1,8,71.96,-2.928,COCCCNc1nc(NC(C)C)nc(SC)n1
Norea,-2.47,1,222.332,1,3,1,32.34,-3.171,CN(C)C(=O)NC1CC2CC1C3CCCC23
t-Butylbenzene ,-3.554,1,134.222,0,1,0,0,-3.66,CC(C)(C)c1ccccc1
kebuzone,-2.645,1,322.364,0,3,5,57.69,-3.27,CC(=O)CCC1C(=O)N(N(C1=O)c2ccccc2)c3ccccc3
prednisolone acetate,-3.507,1,402.487,2,4,3,100.9,-4.37,CC(=O)OCC(=O)C3(O)CCC4C2CCC1=CC(=O)C=CC1(C)C2C(O)CC34C 
Methyl propyl ether ,-0.718,1,74.123,0,0,2,9.23,-0.39,CCCOC
Isopropyl acetate,-1.191,1,102.133,0,0,1,26.3,-0.55,CC(C)OC(=O)C
Bromobenzene,-3.345,1,157.01,0,1,0,0,-2.55,Brc1ccccc1
testosterone propionate,-4.87,1,344.495,0,4,2,43.37,-5.37,CCC(=O)OC3CCC4C2CCC1=CC(=O)CCC1(C)C2CCC34C 
allopurinol,-0.84,1,136.114,2,2,0,74.43,-2.266,O=c1[nH]cnc2[nH]ncc12 
diphenamid,-3.147,1,239.318,0,2,3,20.31,-2.98,CN(C)C(=O)C(c1ccccc1)c2ccccc2 
phthalimide,-1.882,1,147.133,1,2,0,46.17,-2.61,O=C1NC(=O)c2ccccc12 
Fenarimol,-4.108,1,331.202,1,3,3,46.01,-4.38,OC(c1ccc(Cl)cc1)(c2cncnc2)c3ccccc3Cl
Methyl benzoate ,-2.462,1,136.15,0,1,1,26.3,-1.85,COC(=O)c1ccccc1
1-methyluracil,-0.375,1,126.115,1,1,0,54.86,-0.807,Cn1ccc(=O)[nH]c1=O
oxyphenbutazone,-3.739,1,324.38,1,3,5,60.85,-3.73,CCCCC1C(=O)N(N(C1=O)c2ccc(O)cc2)c3ccccc3 
"2,2',3,5'-PCB",-6.155,1,291.992,0,2,1,0,-6.47,Clc1ccc(Cl)c(c1)c2cccc(Cl)c2Cl 
Quinethazone,-2.184,1,289.744,3,2,2,101.29,-3.29,CCC2NC(=O)c1cc(c(Cl)cc1N2)S(N)(=O)=O
Cyclopentene ,-1.72,2,68.119,0,1,0,0,-2.1,C1CC=CC1
alloxantin,0.919,1,286.156,6,2,1,191,-1.99,C1(=O)NC(=O)NC(=O)C1(O)C2(O)C(=O)NC(=O)NC2(=O)
Nonane,-3.678,1,128.259,0,0,6,0,-5.88,CCCCCCCCC
5-Methylchrysene,-5.931,1,242.321,0,4,0,0,-6.59,c1cccc2c3c(C)cc4ccccc4c3ccc12
Phenetole,-2.66,1,122.167,0,1,2,9.23,-2.33,CCOc1ccccc1
ethyl cinnamate,-3.098,1,176.215,0,1,3,26.3,-3,CCOC(=O)C=Cc1ccccc1
Clonazepam,-3.707,1,315.716,1,3,2,84.6,-3.499,Clc1ccccc1C2=NCC(=O)Nc3ccc(cc23)N(=O)=O
p-Toluenesulfonamide ,-1.815,1,171.221,1,1,1,60.16,-1.74,Cc1ccc(cc1)S(=O)(=O)N
Chlorbufam,-3.629,1,223.659,1,1,2,38.33,-2.617,CC(OC(=O)Nc1cccc(Cl)c1)C#C
Diazepam,-4.05,1,284.746,0,3,1,32.67,-3.754,CN2C(=O)CN=C(c1ccccc1)c3cc(Cl)ccc23
2-Methyl-3-pentanol,-1.308,1,102.177,1,0,2,20.23,-0.7,CCC(O)C(C)C
fensulfothion,-3.283,1,308.361,0,1,7,44.76,-2.3,CCOP(=S)(OCC)Oc1ccc(cc1)S(C)=O 
Testosterone,-3.659,1,288.431,1,4,0,37.3,-4.02,CC12CCC3C(CCC4=CC(=O)CCC34C)C2CCC1O
Heptane,-2.97,1,100.205,0,0,4,0,-4.53,CCCCCCC
1-Napthol,-3.08,1,144.173,1,2,0,20.23,-2.22,Oc1cccc2ccccc12
"cis-1,2-Dimethylcyclohexane",-3.305,1,112.216,0,1,0,0,-4.3,C/C1CCCCC1\C
Cholanthrene,-5.942,2,254.332,0,5,0,0,-7.85,C1Cc2c3c1cccc3cc4c2ccc5ccccc54
Medrogestone,-4.593,1,340.507,0,4,1,34.14,-5.27,CC(=O)C3(C)CCC4C2C=C(C)C1=CC(=O)CCC1(C)C2CCC34C
2-Heptanone,-1.554,1,114.188,0,0,4,17.07,-1.45,CCCCCC(=O)C
Acephate,-0.416,1,183.169,1,0,3,55.4,0.54,COP(=O)(NC(C)=O)SC 
DEF,-4.074,1,314.522,0,0,12,17.07,-5.14,CCCCSP(=O)(SCCCC)SCCCC
Trichlomethiazide,-2.98,1,380.662,3,2,2,118.36,-2.68,NS(=O)(=O)c2cc1c(NC(NS1(=O)=O)C(Cl)Cl)cc2Cl 
2-Methy-2-Butene,-1.994,1,70.135,0,0,0,0,-2.56,CC=C(C)C
"1,2,4-Trimethylbenzene",-3.343,1,120.195,0,1,0,0,-3.31,Cc1ccc(C)c(C)c1
"2,4,5-Trichlorophenol ",-3.78,1,197.448,1,1,0,20.23,-2.21,Oc1cc(Cl)c(Cl)cc1Cl
phenanthridine,-3.713,2,179.222,0,3,0,12.89,-2.78,c1ccc2c(c1)cnc3ccccc23 
3-Methyl-3-hexanol,-1.663,1,116.204,1,0,3,20.23,-0.98,CCCC(C)(O)CC
Octane,-3.324,1,114.232,0,0,5,0,-5.24,CCCCCCCC
Anthracene,-4.518,2,178.234,0,3,0,0,-6.35,c1ccc2cc3ccccc3cc2c1
Phenylhydrazine,-1.866,1,108.144,2,1,1,38.05,0.07,NNc1ccccc1
Cyclooctane,-3.355,2,112.216,0,1,0,0,-4.15,C1CCCCCCC1
"5,5-Diallylbarbital",-1.471,1,208.217,2,1,4,75.27,-2.077,O=C1NC(=O)NC(=O)C1(CC=C)CC=C
Trichloromethane,-1.812,1,119.378,0,0,0,0,-1.17,ClC(Cl)Cl
1-Methylcyclohexene ,-2.574,1,96.173,0,1,0,0,-3.27,CC1=CCCCC1
Khellin,-3.603,1,260.245,0,3,2,61.81,-3.021,COc2c1occc1c(OC)c3c(=O)cc(C)oc23 
Benzo(j)fluoranthene,-6.007,2,252.316,0,5,0,0,-8,c1ccc2c3c(ccc2c1)c4cccc5cccc3c45
2-Ethylbutanal,-1.523,1,100.161,0,0,3,17.07,-1.52,CCC(CC)C=O
Dipropyl ether,-1.426,1,102.177,0,0,4,9.23,-1.62,CCCOCCC
1-Tetradecanol,-4.231,1,214.393,1,0,12,20.23,-5.84,CCCCCCCCCCCCCCO
"2,3,6-Trichlorophenol",-3.572,1,197.448,1,1,0,20.23,-2.64,Oc1c(Cl)ccc(Cl)c1Cl
Urea,0.832,1,60.056,2,0,0,69.11,0.96,NC(=O)N
1-Pentyne,-1.446,1,68.119,0,0,1,0,-1.64,CCCC#C
"1,3-Dibromobenzene",-4.298,1,235.906,0,1,0,0,-3.54,Brc1cccc(Br)c1
1-Octadecanol,-5.649,1,270.501,1,0,16,20.23,-8.4,CCCCCCCCCCCCCCCCCCO
hematein,-1.795,1,300.266,4,4,0,107.22,-2.7,c1cc(O)c(O)c2OCC3(O)CC4=CC(=O)C(O)=CC4=C3c21
hydroxychlordene,-4.156,1,354.875,1,3,0,20.23,-5.46,OC1C=CC2C1C3(Cl)C(=C(Cl)C2(Cl)C3(Cl)Cl)Cl 
Isopentyl formate,-1.449,1,116.16,0,0,4,26.3,-1.52,CC(C)CCOC=O
biquinoline,-4.903,2,256.308,0,4,1,25.78,-5.4,c2ccc1nc(ccc1c2)c4ccc3ccccc3n4 
Triethyl phosphate,-0.953,1,182.156,0,0,6,44.76,0.43,CCOP(=O)(OCC)OCC
Chlordene,-5.152,1,338.876,0,3,0,0,-5.64,ClC2=C(Cl)C3(Cl)C1C=CCC1C2(Cl)C3(Cl)Cl 
2-Nitropropane,-0.743,1,89.094,0,0,1,43.14,-0.62,CC(C)N(=O)=O
Carbazole,-3.836,2,167.211,1,3,0,15.79,-5.27,c1ccc2c(c1)[nH]c3ccccc32
Erythritol,0.675,1,122.12,4,0,3,80.92,0.7,OCC(O)C(O)CO
Risocaine,-2.709,1,179.219,1,1,3,52.32,-2.452,CCCOC(=O)c1ccc(N)cc1
Succinimide,0.282,1,99.089,1,1,0,46.17,0.3,O=C1CCC(=O)N1
bupirimate,-3.493,1,316.427,1,1,8,84.42,-4.16,CCCCc1c(C)nc(NCC)nc1OS(=O)(=O)N(C)C 
RTI 16,-3.411,1,270.361,0,3,1,32.26,-4.634,CCN2c1ncccc1N(C)C(=S)c3cccnc23 
Tetrahydropyran ,-0.978,2,86.134,0,1,0,9.23,-0.03,C1CCOCC1
1-Heptyne,-2.155,1,96.173,0,0,3,0,-3.01,CCCCCC#C
3-Methylcholanthrene,-6.311,1,268.359,0,5,0,0,-7.92,c1cc(C)cc2c1c3cc4cccc5CCc(c45)c3cc2
Ethyl benzoate ,-2.775,1,150.177,0,1,2,26.3,-2.32,CCOC(=O)c1ccccc1
1-Chloro-2-methylpropane,-1.924,1,92.569,0,0,1,0,-2,ClCC(C)C
Ethinyl estradiol,-4.317,1,296.41,2,4,0,40.46,-4.3,CC34CCC1C(CCc2cc(O)ccc12)C3CCC4(O)C#C 
methyl laurate,-4.025,1,214.349,0,0,10,26.3,-4.69,CCCCCCCCCCCC(=O)OC
Napthacene,-5.568,2,228.294,0,4,0,0,-8.6,c1ccc2cc3cc4ccccc4cc3cc2c1
1-Bromopentane,-2.658,1,151.047,0,0,3,0,-3.08,CCCCCBr
trans-2-Heptene ,-2.784,1,98.189,0,0,3,0,-3.82,CCCC/C=C/C
Metranidazole,-0.859,1,171.156,1,1,3,81.19,-1.26,Cc1ncc(N(=O)=O)n1CCO 
Pentylcyclopentane,-3.869,1,140.27,0,1,4,0,-6.08,CCCCCC1CCCC1
"2,2',3,5,5',6-PCB",-7.261,1,360.882,0,2,1,0,-7.42,Clc1ccc(Cl)c(c1)c2c(Cl)c(Cl)cc(Cl)c2Cl 
5-Ethyl-5-isopropylbarbituric acid,-1.603,1,198.222,2,1,2,75.27,-2.148,O=C1NC(=O)NC(=O)C1(CC)C(C)C
"1,1,1-Trichloroethane",-2.232,1,133.405,0,0,0,0,-2,CC(Cl)(Cl)Cl
Cyclohexyl-5-spirobarbituric acid,-1.405,1,196.206,2,2,0,75.27,-3.06,O=C2NC(=O)C1(CCCCC1)C(=O)N2
dimetan,-2.304,1,211.261,0,1,1,46.61,-0.85,CN(C)C(=O)OC1=CC(=O)CC(C)(C)C1 
4-Bromotoluene,-3.667,1,171.037,0,1,0,0,-3.19,Cc1ccc(Br)cc1
Rovral,-4.004,1,330.171,1,2,2,69.72,-4.376,CC(C)NC(=O)N1CC(=O)N(C1=O)c2cc(Cl)cc(Cl)c2
Benfluralin,-5.205,1,335.282,0,1,7,89.52,-5.53,CCCCN(CC)c1c(cc(cc1N(=O)=O)C(F)(F)F)N(=O)=O
"2,4,6-Trimethylphenol",-2.941,1,136.194,1,1,0,20.23,-2.05,Cc1cc(C)c(O)c(C)c1
Benzene ,-2.418,2,78.114,0,1,0,0,-1.64,c1ccccc1
p-Chloroiodobenzene,-4.384,1,238.455,0,1,0,0,-4.03,Clc1ccc(I)cc1
Metoxuron,-2.683,1,228.679,1,1,2,41.57,-2.564,COc1ccc(NC(=O)N(C)C)cc1Cl
propachlor,-3.018,1,211.692,0,1,3,20.31,-2.48,CC(C)N(C(=O)CCl)c1ccccc1 
Styrene,-2.85,1,104.152,0,1,1,0,-2.82,C=Cc1ccccc1
Dimethoxymethane,0.092,1,76.095,0,0,2,18.46,0.48,COCOC
o-Xylene ,-3.004,1,106.168,0,1,0,0,-2.8,Cc1ccccc1C
Butan-2-ol,-0.616,1,74.123,1,0,1,20.23,0.47,CCC(C)O
"1,4-Benzenediol",-1.59,1,110.112,2,1,0,40.46,-0.17,Oc1ccc(O)cc1
Benzo(b)fluorene,-5.189,2,216.283,0,4,0,0,-8.04,C1c2ccccc2c3cc4ccccc4cc13
hydantoin,0.603,1,100.077,2,1,0,58.2,-0.4,O=C1CNC(=O)N1 
4-hexylresorcinol,-3.493,1,194.274,2,1,5,40.46,-2.59,c1(O)cc(O)ccc1CCCCCC
allicin,-2.045,1,162.279,0,0,5,17.07,-0.83,C=CCS(=O)SCC=C
"5,6-Dimethylchrysene",-6.265,1,256.348,0,4,0,0,-7.01,Cc1c(C)c2c3ccccc3ccc2c4ccccc14
Betamethasone-17-valerate,-5.062,1,476.585,2,4,6,100.9,-4.71,CCCCC(=O)OC3(C(C)CC4C2CCC1=CC(=O)C=CC1(C)C2(F)C(O)CC34C)C(=O)CO
uric acid,-0.541,1,168.112,4,2,0,114.37,-3.93,O=c2[nH]c(=O)c1[nH]c(=O)[nH]c1[nH]2 
"2,3,4,6-Tetrachlorophenol",-4.203,1,231.893,1,1,0,20.23,-3.1,Oc1c(Cl)cc(Cl)c(Cl)c1Cl
DDT,-6.638,1,354.491,0,2,2,0,-7.15,Clc1ccc(cc1)C(c2ccc(Cl)cc2)C(Cl)(Cl)Cl
Isobutyl formate,-1.095,1,102.133,0,0,3,26.3,-1.01,CC(C)COC=O
RTI 13,-4.45,1,322.29,1,3,1,58.12,-4.207,CCN2c1nc(C)cc(C(F)(F)F)c1NC(=O)c3cccnc23 
Hexane ,-2.615,1,86.178,0,0,3,0,-3.84,CCCCCC
methyl nicotinate,-1.621,1,137.138,0,1,1,39.19,-0.46,COC(=O)c1cccnc1 
Bendroflumethiazide,-3.741,1,421.422,3,3,3,118.36,-3.59,NS(=O)(=O)c3cc2c(NC(Cc1ccccc1)NS2(=O)=O)cc3C(F)(F)F
"2,3,3',4,4',5-PCB",-7.425,1,360.882,0,2,1,0,-7.82,Clc1ccc(cc1Cl)c2cc(Cl)c(Cl)c(Cl)c2Cl 
Triphenylene,-5.568,2,228.294,0,4,0,0,-6.726,c1ccc2c(c1)c3ccccc3c4ccccc24
Dienestrol,-4.775,1,266.34,2,2,3,40.46,-4.95,CC=C(C(=CC)c1ccc(O)cc1)c2ccc(O)cc2
Di(2-ethylhexyl)-phthalate,-7.117,1,390.564,0,1,14,52.6,-6.96,CCCCC(CC)COC(=O)c1ccccc1C(=O)OCC(CC)CCCC
2-Ethyl pyridine,-2.051,1,107.156,0,1,1,12.89,0.51,CCc1ccccn1
Naled,-3.548,1,380.784,0,0,5,44.76,-2.28,COP(=O)(OC)OC(Br)C(Cl)(Cl)Br
Biphenyl,-4.079,2,154.212,0,2,1,0,-4.345,c1ccc(cc1)c2ccccc2
Altretamine,-2.492,1,210.285,0,1,3,48.39,-3.364,CN(C)c1nc(nc(n1)N(C)C)N(C)C
Cycloheptyl-5-spirobarbituric acid,-1.844,1,210.233,2,2,0,75.27,-3.168,O=C2NC(=O)C1(CCCCCC1)C(=O)N2 
Fructose,0.471,1,180.156,5,1,2,110.38,0.64,OCC1OC(O)(CO)C(O)C1O
"3,5-Dimethylphenol",-2.652,1,122.167,1,1,0,20.23,-1.4,Cc1cc(C)cc(O)c1
Barban,-4.16,1,258.104,1,1,2,38.33,-4.37,ClCC#CCOC(=O)Nc1cccc(Cl)c1
p-Chloroacetanilide,-2.642,1,169.611,1,1,1,29.1,-2.843,CC(=O)Nc1ccc(Cl)cc1
"2,2',3,4,5,5',6-PCB",-7.898,1,395.327,0,2,1,0,-8.94,Clc1ccc(Cl)c(c1)c2c(Cl)c(Cl)c(Cl)c(Cl)c2Cl
"2,2-Dimethylbutane",-2.584,1,86.178,0,0,0,0,-3.55,CCC(C)(C)C
N-Methylaniline ,-2.097,1,107.156,1,1,1,12.03,-1.28,CNc1ccccc1
Hydrocortisone 21-acetate,-3.692,1,404.503,2,4,3,100.9,-4.88,CC(=O)OCC(=O)C1(O)CCC2C3CCC4=CC(=O)CCC4(C)C3C(O)CC21C
Lorazepam,-3.75,1,321.163,2,3,1,61.69,-3.604,OC3N=C(c1ccccc1Cl)c2cc(Cl)ccc2NC3=O
3-Chlorophenol,-2.761,1,128.558,1,1,0,20.23,-0.7,Oc1cccc(Cl)c1
chlorothiazide,-1.752,1,295.729,2,2,1,118.69,-3.05,NS(=O)(=O)c2cc1c(N=CNS1(=O)=O)cc2Cl 
5-Methyl-5-ethylbarbituric acid,-0.911,1,170.168,2,1,1,75.27,-1.228,O=C1NC(=O)NC(=O)C1(C)CC
Diphenylmethane,-4.09,2,168.239,0,2,2,0,-4.08,C(c1ccccc1)c2ccccc2
Propazine,-3.329,1,229.715,2,1,4,62.73,-4.43,CC(C)Nc1nc(Cl)nc(NC(C)C)n1
2-Methylpentanol,-1.381,1,102.177,1,0,3,20.23,-1.11,CCCC(C)CO
2-Methyl-2-hexanol,-1.663,1,116.204,1,0,3,20.23,-1.08,CCCCC(C)(C)O
Ethylbenzene,-2.988,1,106.168,0,1,1,0,-2.77,CCc1ccccc1
Heptachlor,-5.26,1,373.321,0,3,0,0,-6.317,ClC1C=CC2C1C3(Cl)C(=C(Cl)C2(Cl)C3(Cl)Cl)Cl
Fenpropathrin,-6.15,1,349.43,0,3,5,59.32,-6.025,CC1(C)C(C(=O)OC(C#N)c2cccc(Oc3ccccc3)c2)C1(C)C
Methoprene,-4.795,1,310.478,0,0,10,35.53,-5.19,COC(C)(C)CCCC(C)CC=CC(C)=CC(=O)OC(C)C
Prometryn,-3.693,1,241.364,2,1,5,62.73,-4.1,CSc1nc(NC(C)C)nc(NC(C)C)n1
Buturon,-3.199,1,236.702,1,1,2,32.34,-3.9,CC(C#C)N(C)C(=O)Nc1ccc(Cl)cc1
"2,3-Dimethylnaphthalene",-4.116,1,156.228,0,2,0,0,-4.72,Cc1cc2ccccc2cc1C
"2,4',5-PCB",-5.762,1,257.547,0,2,1,0,-6.25,Clc1ccc(cc1)c2cc(Cl)ccc2Cl 
"2,3',4,4',5-PCB",-7.343,1,360.882,0,2,1,0,-7.39,Clc1ccc(c(Cl)c1)c2cc(Cl)c(Cl)c(Cl)c2Cl 
2-cyanoguanidine,0.361,1,84.082,2,0,0,88.19,-0.31,NC(N)=NC#N 
Chloropicrin,-1.866,1,164.375,0,0,0,43.14,-2,ClC(Cl)(Cl)N(=O)=O
"2,6-PCB",-4.984,1,223.102,0,2,1,0,-5.21,Clc1cccc(Cl)c1c2ccccc2 
p-Methoxybenzaldehyde,-2.252,1,136.15,0,1,2,26.3,-1.49,COc1ccc(C=O)cc1
4-Nitroacetanilide,-2.219,1,180.163,1,1,2,72.24,-2.692,CC(=O)Nc1ccc(cc1)N(=O)=O
Ethyl heptanoate,-2.608,1,158.241,0,0,6,26.3,-2.74,CCCCCCC(=O)OCC
indazole,-2.34,2,118.139,1,2,0,28.68,-2.16,c2ccc1[nH]ncc1c2 
triamcinolone acetonide,-3.928,1,434.504,2,5,2,93.06,-4.31,CC5(C)OC4CC3C2CCC1=CC(=O)C=CC1(C)C2(F)C(O)CC3(C)C4(O5)C(=O)CO 
guanine,-0.67,1,151.129,3,2,0,100.45,-3.583,Nc2nc1[nH]cnc1c(=O)[nH]2 
Stanolone,-3.882,1,290.447,1,4,0,37.3,-4.743,CC34CCC1C(CCC2CC(=O)CCC12C)C3CCC4O 
1-Hexene-3-ol,-1.199,1,100.161,1,0,3,20.23,-0.59,CCCC(O)C=C
norbormide,-4.238,1,511.581,2,7,5,92.18,-3.931,OC(C1=CC2C5C(C1C2=C(c3ccccc3)c4ccccn4)C(=O)NC5=O)(c6ccccc6)c7ccccn7 
Dibutyl ether ,-2.135,1,130.231,0,0,6,9.23,-1.85,CCCCOCCCC
RTI 6,-3.335,1,313.361,2,3,4,81.59,-3.36,CCN2c1nc(N(C)(CCO))ccc1NC(=O)c3cccnc23 
Flucytosine,-0.132,1,129.094,2,1,0,71.77,-0.972,Nc1nc(=O)[nH]cc1F
stadacaine,-5.128,1,293.407,0,1,9,38.77,-3.84,CCCCOc1ccc(C(=O)OCC)c(c1)N(CC)CC 
2-Methyl-2-heptanol,-2.017,1,130.231,1,0,4,20.23,-1.72,CCCCCC(C)(C)O
Hexamethylbenzene,-4.361,1,162.276,0,1,0,0,-5.23,Cc1c(C)c(C)c(C)c(C)c1C
Pteridine,-0.906,2,132.126,0,2,0,51.56,0.02,c2cnc1ncncc1n2
Parathion,-3.949,1,291.265,0,1,7,70.83,-4.66,CCOP(=S)(OCC)Oc1ccc(cc1)N(=O)=O
indoline,-2.195,2,119.167,1,2,0,12.03,-1.04,c2ccc1NCCc1c2 
1-Nitronapthalene,-3.414,1,173.171,0,2,1,43.14,-3.54,O=N(=O)c1cccc2ccccc12
3-Methyl-2-pentanone,-1.266,1,100.161,0,0,2,17.07,-0.67,CCC(C)C(=O)C
bromadiolone,-7.877,1,527.414,2,5,6,70.67,-4.445,OC(CC(c1ccccc1)c3c(O)c2ccccc2oc3=O)c4ccc(cc4)c5ccc(Br)cc5 
Nitromethane,-0.042,1,61.04,0,0,0,43.14,0.26,CN(=O)=O
Triallate,-4.578,1,304.67,0,0,4,20.31,-4.88,CC(C)N(C(C)C)C(=O)SCC(Cl)=C(Cl)Cl
Indole,-2.654,2,117.151,1,2,0,15.79,-1.52,c2ccc1[nH]ccc1c2
Androstenedione,-3.393,1,286.415,0,4,0,34.14,-3.69,CC34CCC1C(CCC2=CC(=O)CCC12C)C3CCC4=O
Xipamide,-3.642,1,354.815,3,2,3,109.49,-3.79,Cc1cccc(C)c1NC(=O)c2cc(c(Cl)cc2O)S(N)(=O)=O
Ethylcyclohexane,-3.245,1,112.216,0,1,1,0,-4.25,CCC1CCCCC1
Mebendazole,-4.118,1,295.298,2,3,3,84.08,-3.88,COC(=O)Nc2nc1ccc(cc1[nH]2)C(=O)c3ccccc3
RTI 12,-3.446,1,288.738,0,3,1,49.33,-4.114,CCN2c1nc(Cl)ccc1N(C)C(=O)c3cccnc23 
Carbaryl,-3.087,1,201.225,1,2,1,38.33,-3.224,CNC(=O)Oc1cccc2ccccc12
Ethyne,-0.252,1,26.038,0,0,0,0,0.29,C#C
"3,5-Dimethylpyridine",-2.098,1,107.156,0,1,0,12.89,0.38,Cc1cncc(C)c1
"1,4-Cyclohexadiene",-1.842,2,80.13,0,1,0,0,-2.06,C1C=CCC=C1
Mecarbam,-3.738,1,329.38,0,0,8,65.07,-2.518,CCOC(=O)N(C)C(=O)CSP(=S)(OCC)OCC
1-Phenylethanol,-1.919,1,122.167,1,1,1,20.23,-0.92,CC(O)c1ccccc1
"1,2-Dichloropropane",-1.794,1,112.987,0,0,1,0,-1.6,CC(Cl)CCl
2-Ethyl-2-hexanal,-2.081,1,126.199,0,0,4,17.07,-2.46,CCCC=C(CC)C=O
methyltestosterone acetate,-4.863,1,344.495,0,4,1,43.37,-5.284,CC(=O)OC3(C)CCC4C2CCC1=CC(=O)CCC1(C)C2CCC34C 
"2,4,6-PCB",-5.604,1,257.547,0,2,1,0,-6.14,Clc1ccc(cc1)c2c(Cl)cccc2Cl 
Triclosan,-5.645,1,289.545,1,2,2,29.46,-4.46,Oc1cc(Cl)ccc1Oc2ccc(Cl)cc2Cl
Corticosterone,-3.454,1,346.467,2,4,2,74.6,-3.24,CC12CC(O)C3C(CCC4=CC(=O)CCC34C)C2CCC1C(=O)CO
"1,3,5-Trimethylbenzene ",-3.375,1,120.195,0,1,0,0,-3.4,Cc1cc(C)cc(C)c1
dioctyl phthalate,-7.148,1,390.564,0,1,16,52.6,-5.115,CCCCCCCCOC(=O)c1ccccc1C(=O)OCCCCCCCC 
1-Pentadecanol,-4.586,1,228.42,1,0,13,20.23,-6.35,CCCCCCCCCCCCCCCO
"2,2',6,6'-PCB",-5.915,1,291.992,0,2,1,0,-7.39,Clc1cccc(Cl)c1c2c(Cl)cccc2Cl 
"5,5-Dimethylbarbituric acid",-0.556,1,156.141,2,1,0,75.27,-1.742,O=C1NC(=O)NC(=O)C1(C)C
2-Iodopropane,-2.486,1,169.993,0,0,0,0,-2.09,CC(C)I
"1,2-Dinitrobenzene",-2.281,1,168.108,0,1,2,86.28,-3.1,O=N(=O)c1ccccc1N(=O)=O
3-Methyl-2-butanone,-0.912,1,86.134,0,0,1,17.07,-0.12,CC(C)C(=O)C
Tricyclazole,-2.868,1,189.243,0,3,0,30.19,-2.07,Cc2cccc3sc1nncn1c23 
2-Octanone,-1.909,1,128.215,0,0,5,17.07,-2.05,CCCCCCC(=O)C
Methyl nonanoate,-2.962,1,172.268,0,0,7,26.3,-3.38,CCCCCCCCC(=O)OC
Thalidomide,-1.944,1,258.233,1,3,1,83.55,-2.676,O=C1N(C2CCC(=O)NC2=O)C(=O)c3ccccc13
Trifluralin,-5.205,1,335.282,0,1,7,89.52,-5.68,CCCN(CCC)c1c(cc(cc1N(=O)=O)C(F)(F)F)N(=O)=O
Cyclopentyl-5-spirobarbituric acid,-0.966,1,182.179,2,2,0,75.27,-2.349,O=C2NC(=O)C1(CCCC1)C(=O)N2
Cycluron,-2.629,1,198.31,1,1,1,32.34,-2.218,CN(C)C(=O)NC1CCCCCCC1
Mirex,-6.155,1,545.546,0,6,0,0,-6.8,ClC1(C2(Cl)C3(Cl)C4(Cl)C5(Cl)C1(Cl)C3(Cl)Cl)C5(Cl)C(Cl)(Cl)C24Cl
aminopyrine,-2.129,1,231.299,0,2,2,30.17,-0.364,CN(C)c2c(C)n(C)n(c1ccccc1)c2=O 
3-Pentanol,-0.97,1,88.15,1,0,2,20.23,-0.24,CCC(O)CC
p-Nitrotoluene,-2.64,1,137.138,0,1,1,43.14,-2.49,Cc1ccc(cc1)N(=O)=O
bromopropylate,-5.833,1,428.12,1,2,4,46.53,-4.93,CC(C)OC(=O)C(O)(c1ccc(Br)cc1)c2ccc(Br)cc2 
Pyrazon,-2.603,1,221.647,1,2,1,60.91,-2.878,Nc2cnn(c1ccccc1)c(=O)c2Cl
2-Methylbutan-2-ol,-0.954,1,88.15,1,0,1,20.23,0.15,CCC(C)(C)O
p-Cresol,-2.313,1,108.14,1,1,0,20.23,-0.73,Cc1ccc(O)cc1
Ethyl formate,-0.402,1,74.079,0,0,2,26.3,0.15,CCOC=O
Decalin,-3.715,2,138.254,0,2,0,0,-5.19,C1CCC2CCCCC2C1
Butanethiol ,-1.676,1,90.191,1,0,2,0,-2.18,CCCCS
Benzo(e)pyrene,-6.007,2,252.316,0,5,0,0,-7.8,c1ccc2c(c1)c3cccc4ccc5cccc2c5c43
Tetrachloroethylene,-3.063,1,165.834,0,0,0,0,-2.54,ClC(=C(Cl)Cl)Cl
3-Pentanone,-0.912,1,86.134,0,0,2,17.07,-0.28,CCC(=O)CC
Acrylonitrile,-0.354,1,53.064,0,0,0,23.79,0.15,C=CC#N
Flumethasone,-3.539,1,410.457,3,4,2,94.83,-5.613,CC1CC2C3CC(F)C4=CC(=O)C=CC4(C)C3(F)C(O)CC2(C)C1(O)C(=O)CO
Terbumeton,-3.505,1,225.296,2,1,4,71.96,-3.239,CCNc1nc(NC(C)(C)C)nc(OC)n1
3-Methylheptane,-3.308,1,114.232,0,0,4,0,-5.16,CCCCC(C)CC
"1,2-Dibromoethane",-2.102,1,187.862,0,0,1,0,-1.68,BrCCBr
Isoprocarb,-2.734,1,193.246,1,1,2,38.33,-2.863,CNC(=O)Oc1ccccc1C(C)C
Niridazole,-1.948,1,214.206,1,2,2,88.37,-3.22,O=C1NCCN1c2ncc(s2)N(=O)=O
Benzo(a)fluorene,-5.189,2,216.283,0,4,0,0,-6.68,C1c2ccccc2c3ccc4ccccc4c13
2-Chloroanisole,-2.912,1,142.585,0,1,1,9.23,-2.46,COc1ccccc1Cl
Bromophos,-5.604,1,366,0,1,4,27.69,-6.09,COP(=S)(OC)Oc1cc(Cl)c(Br)cc1Cl
"P,P'-DDD",-6.008,1,320.046,0,2,3,0,-7.2,ClC(Cl)C(c1ccc(Cl)cc1)c2ccc(Cl)cc2 
Azobenzene,-4.034,2,182.226,0,2,2,24.72,-4.45,N(=Nc1ccccc1)c2ccccc2
4-Isopropyltoluene,-3.617,1,134.222,0,1,1,0,-3.77,CC(C)c1ccc(C)cc1
"2,6-Dichlorophenol",-3.012,1,163.003,1,1,0,20.23,-1.79,Oc1c(Cl)cccc1Cl
Sucrose,0.31,1,342.297,8,2,5,189.53,0.79,OCC2OC(OC1(CO)OC(CO)C(O)C1O)C(O)C(O)C2O 
d-inositol,-0.887,1,180.156,6,1,0,121.38,0.35,OC1C(O)C(O)C(O)C(O)C1O
Dyphylline,-0.847,1,254.246,2,2,3,102.28,-0.17,Cn2c(=O)n(C)c1ncn(CC(O)CO)c1c2=O
Chloramphenicol,-2.613,1,323.132,3,1,6,112.7,-2.111,OCC(NC(=O)C(Cl)Cl)C(O)c1ccc(cc1)N(=O)=O
Epitostanol,-4.545,1,306.515,1,5,0,20.23,-5.41,CC45CCC2C(CCC3CC1SC1CC23C)C4CCC5O
"1,2-Dibromobenzene",-4.172,1,235.906,0,1,0,0,-3.5,Brc1ccccc1Br
"2,4,6-Trichlorophenol",-3.648,1,197.448,1,1,0,20.23,-2.34,Oc1c(Cl)cc(Cl)cc1Cl
RTI 20,-3.663,1,255.292,0,3,2,20.31,-4.799,C2c1ccccc1N(CCF)C(=O)c3ccccc23 
"2,4-Dimethyl-3-pentanone",-1.752,1,114.188,0,0,2,17.07,-1.3,CC(C)C(=O)C(C)C
gentisin,-1.292,1,262.261,2,3,1,75.99,-2.943,c1c(O)C2C(=O)C3cc(O)ccC3OC2cc1(OC)
Caffeine,-1.498,1,194.194,0,2,0,61.82,-0.876,Cn1cnc2n(C)c(=O)n(C)c(=O)c12
Spironolactone,-3.842,1,416.583,0,5,1,60.44,-4.173,CC(=O)SC4CC1=CC(=O)CCC1(C)C5CCC2(C)C(CCC23CCC(=O)O3)C45
Diphenyl ether ,-4.254,2,170.211,0,2,2,9.23,-3.96,O(c1ccccc1)c2ccccc2
"2,2',4,4',5,5'-PCB",-7.343,1,360.882,0,2,1,0,-8.56,Clc1cc(Cl)c(cc1Cl)c2cc(Cl)c(Cl)cc2Cl 
nicotinamide,-0.964,1,122.127,1,1,1,55.98,0.61,NC(=O)c1cccnc1 
Thiophenol ,-2.758,1,110.181,1,1,0,0,-2.12,Sc1ccccc1
XMC,-2.688,1,179.219,1,1,1,38.33,-2.581,CNC(=O)Oc1cc(C)cc(C)c1
Chlordane,-6.039,1,409.782,0,3,0,0,-6.86,ClC1CC2C(C1Cl)C3(Cl)C(=C(Cl)C2(Cl)C3(Cl)Cl)Cl
Dimethyldisulfide,-1.524,1,94.204,0,0,1,0,-1.44,CSSC
Benzamide,-1.501,1,121.139,1,1,1,43.09,-0.96,NC(=O)c1ccccc1
o-Chlorobromobenzene,-3.84,1,191.455,0,1,0,0,-3.19,Clc1ccccc1Br
Monotropitoside,-1.493,1,446.405,6,3,6,184.6,-0.742,COC(=O)c1ccccc1OC2OC(COC3OCC(O)C(O)C3O)C(O)C(O)C2O
RTI 15,-3.891,1,268.32,1,3,1,58.12,-4.554,CCN2c1nc(C)cc(C)c1NC(=O)c3cccnc23 
"3,5-Dichlorophenol",-3.428,1,163.003,1,1,0,20.23,-1.34,Oc1cc(Cl)cc(Cl)c1
1-Methylphenanthrene,-4.87,1,192.261,0,3,0,0,-5.85,Cc1cccc2c1ccc3ccccc32
2-Ethyl-1-hexanol,-2.089,1,130.231,1,0,5,20.23,-2.11,CCCCC(CC)CO
Diallate,-3.827,1,270.225,0,0,4,20.31,-4.286,CC(C)N(C(C)C)C(=O)SCC(=CCl)Cl
Toluene ,-2.713,1,92.141,0,1,0,0,-2.21,Cc1ccccc1
Cycloheptene,-2.599,2,96.173,0,1,0,0,-3.18,C1CCC=CCC1
Griseofulvin,-3.328,1,352.77,0,3,3,71.06,-3.246,COC1=CC(=O)CC(C)C13Oc2c(Cl)c(OC)cc(OC)c2C3=O
1-Decanol,-2.814,1,158.285,1,0,8,20.23,-3.63,CCCCCCCCCCO
"3,3-Dimethylpentane",-2.938,1,100.205,0,0,2,0,-4.23,CCC(C)(C)CC
vamidothion,-1.446,1,287.343,1,0,8,64.63,1.144,CNC(=O)C(C)SCCSP(=O)(OC)(OC)
"2,3,4,5-Tetrachlorophenol",-4.335,1,231.893,1,1,0,20.23,-3.15,Oc1cc(Cl)c(Cl)c(Cl)c1Cl
Butyraldehyde,-0.749,1,72.107,0,0,2,17.07,-0.01,CCCC=O
dexamethasone acetate,-3.933,1,434.504,2,4,3,100.9,-4.9,CC4CC3C2CCC1=CC(=O)C=CC1(C)C2(F)C(O)CC3(C)C4(O)C(=O)COC(C)=O 
Butane,-1.907,1,58.124,0,0,1,0,-2.57,CCCC
o-Methoxyphenol,-1.941,1,124.139,1,1,1,29.46,-1.96,COc1ccccc1O
Fluoromethalone,-3.507,1,376.468,2,4,1,74.6,-4.099,CC1CC2C3CCC(O)(C(=O)C)C3(C)CC(O)C2(F)C4(C)C=CC(=O)C=C14
Pentachloroethane,-3.382,1,202.295,0,0,0,0,-2.6,ClC(Cl)C(Cl)(Cl)Cl
Diethyl phthalate ,-3.016,1,222.24,0,1,4,52.6,-2.35,CCOC(=O)c1ccccc1C(=O)OCC
2-Methylpropan-1-ol,-0.672,1,74.123,1,0,1,20.23,0.1,CC(C)CO
Isobutylbenzene,-3.57,1,134.222,0,1,2,0,-4.12,CC(C)Cc1ccccc1
Diiodomethane,-2.958,1,267.835,0,0,0,0,-2.34,ICI
4-Heptanol,-1.678,1,116.204,1,0,4,20.23,-1.4,CCCC(O)CCC
Pentyl acetate,-1.833,1,130.187,0,0,4,26.3,-1.89,CCCCCOC(=O)C
"2,3,5,6-Tetrachlorophenol",-4.203,1,231.893,1,1,0,20.23,-3.37,Oc1c(Cl)c(Cl)cc(Cl)c1Cl
Propylbenzene ,-3.281,1,120.195,0,1,2,0,-3.37,CCCc1ccccc1
"1,2-Dichlorotetrafluoroethane",-2.697,1,170.92,0,0,1,0,-2.74,FC(F)(Cl)C(F)(F)Cl
2-butenal,-0.604,1,70.091,0,0,1,17.07,0.32,CC=CC=O
tetramethylurea,-0.495,1,116.164,0,0,0,23.55,0.94,CN(C)C(=O)N(C)C 
salicylanilide,-3.782,1,213.236,2,2,2,49.33,-3.59,c1ccccc1NC(=O)c2c(O)cccc2
Sulfallate,-3.254,1,223.794,0,0,4,3.24,-3.39,CCN(CC)C(=S)SCC(Cl)=C
Chloroethane,-1.165,1,64.515,0,0,0,0,-1.06,ClCC
Mefluidide,-3.165,1,310.297,2,1,3,75.27,-3.24,CC(=O)Nc1cc(NS(=O)(=O)C(F)(F)F)c(C)cc1C
Piperine,-3.659,1,285.343,0,3,3,38.77,-3.46,O=C(C=CC=Cc2ccc1OCOc1c2)N3CCCCC3
cis-2-Pentene,-2.076,1,70.135,0,0,1,0,-2.54,CC/C=C\C
Cyclooctyl-5-spirobarbituric acid,-2.284,1,224.26,2,2,0,75.27,-2.982,O=C2NC(=O)C1(CCCCCCC1)C(=O)N2
butacarb,-4.642,1,263.381,1,1,1,38.33,-4.24,c1(C(C)(C)C)cc(C(C)(C)C)cc(OC(=O)NC)c1
Eriodictyol,-3.152,1,288.255,4,3,1,107.22,-3.62,Oc2cc(O)c1C(=O)CC(Oc1c2)c3ccc(O)c(O)c3
Benzophenone,-3.612,1,182.222,0,2,2,17.07,-3.12,O=C(c1ccccc1)c2ccccc2
Eicosane,-7.576,1,282.556,0,0,17,0,-8.172,CCCCCCCCCCCCCCCCCCCC
hydrazobenzene,-3.492,2,184.242,2,2,3,24.06,-2.92,N(Nc1ccccc1)c2ccccc2 
2-Ethyl-1-butanol,-1.381,1,102.177,1,0,3,20.23,-1.17,CCC(CC)CO
4-hydroxypyridine,-1.655,1,95.101,1,1,0,33.12,1.02,Oc1ccncc1
"cis 1,2-Dichloroethylene",-1.561,1,96.944,0,0,0,0,-1.3,Cl\C=C/Cl
Methylcyclopentane,-2.452,1,84.162,0,1,0,0,-3.3,CC1CCCC1
4-Methyl-2-pentanol,-1.308,1,102.177,1,0,2,20.23,-0.8,CC(C)CC(C)O
RTI 11,-3.125,1,254.289,1,3,0,55.56,-3.928,O2c1ccc(N)cc1N(C)C(=O)c3cc(C)ccc23 
Triadimefon,-4.132,1,293.754,0,2,4,57.01,-3.61,CC(C)(C)C(=O)C(Oc1ccc(Cl)cc1)n2cncn2
Isocarboxazid,-2.251,1,231.255,2,2,4,67.16,-2.461,Cc1cc(no1)C(=O)NNCc2ccccc2
Dichlorophen,-4.924,1,269.127,2,2,2,40.46,-3.953,Oc1ccc(Cl)cc1Cc2cc(Cl)ccc2O
Anthraquinone,-3.34,1,208.216,0,3,0,34.14,-5.19,O=C1c2ccccc2C(=O)c3ccccc13
Oxycarboxin,-2.169,1,267.306,1,2,2,72.47,-2.281,CC1=C(C(=O)Nc2ccccc2)S(=O)(=O)CCO1
parabanic acid,1.091,1,114.06,2,1,0,75.27,-0.4,O=C1NC(=O)C(=O)N1 
Abate,-6.678,1,466.479,0,2,10,55.38,-6.237,COP(=S)(OC)Oc1ccc(Sc2ccc(OP(=S)(OC)OC)cc2)cc1
Chlorthalidone,-2.564,1,338.772,3,3,2,109.49,-3.451,NS(=O)(=O)c1cc(ccc1Cl)C2(O)NC(=O)c3ccccc23
Isobutyl acetate,-1.463,1,116.16,0,0,2,26.3,-1.21,CC(C)COC(=O)C
"2,2,3-Trimethylbutane",-2.922,1,100.205,0,0,0,0,-4.36,CC(C)C(C)(C)C
"2,3,3',4,4'6-PCB",-7.746,1,395.327,0,2,1,0,-7.66,Clc1ccc(c(Cl)c1Cl)c2c(Cl)cc(Cl)c(Cl)c2Cl 
Phthalonitrile,-1.717,1,128.134,0,1,0,47.58,-2.38,N#Cc1ccccc1C#N
m-Nitrotoluene,-2.64,1,137.138,0,1,1,43.14,-2.44,Cc1cccc(c1)N(=O)=O
halothane,-2.608,1,197.381,0,0,0,0,-1.71,FC(F)(F)C(Cl)Br 
Oxamyl,-0.908,1,219.266,1,0,1,71,0.106,CNC(=O)ON=C(SC)C(=O)N(C)C
Thiometon,-3.323,1,246.359,0,0,7,18.46,-3.091,CCSCCSP(=S)(OC)OC
2-Methylbutane,-2.245,1,72.151,0,0,1,0,-3.18,CCC(C)C
